pair,year_prev,year_curr,prior_rate_prev,prior_rate_curr,marg_auc,joint_auc,gap_auc,gap_null_mean,gap_excess,gap_elevated,marg_excess,marg_elevated,gap_logloss_reduction,reading
2017 vs 2018,2017,2018,0.018067277296444192,0.022388373625654552,0.7122910148946254,0.7119575326335812,-0.00033348226104423784,-0.0003403874170498228,6.905156005584945e-06,False,0.21225521614443732,True,-6.207369681576758e-05,covariate shift only (P(Y|X) stable)
2017 vs 2019,2017,2019,0.018067277296444192,0.02060369151095815,0.7313033682042147,0.7317482479606454,0.000444879756430705,0.0003151315295276333,0.0001297482269030717,False,0.23199283683279315,True,0.00014952089078923425,covariate shift only (P(Y|X) stable)
2018 vs 2019,2018,2019,0.022388373625654552,0.02060369151095815,0.764039065418832,0.7642904603661451,0.0002513949473130772,0.0003151315295276333,-6.373658221455608e-05,False,0.2647285340474105,True,-0.002232720818408751,covariate shift only (P(Y|X) stable)
2017 vs 2020,2017,2020,0.018067277296444192,0.024471411589294088,0.7051459331728336,0.7083347604956067,0.0031888273227731467,0.0001150471898685515,0.0030737801329045952,False,0.20662109149228464,True,0.0027294382935287853,covariate shift only (P(Y|X) stable)
2018 vs 2020,2018,2020,0.022388373625654552,0.024471411589294088,0.7554606342286391,0.7557636112800403,0.0003029770514012542,0.0001150471898685515,0.0001879298615327027,False,0.2569357925480901,True,0.0006702303073806704,covariate shift only (P(Y|X) stable)
2019 vs 2020,2019,2020,0.02060369151095815,0.024471411589294088,0.5834456078310288,0.5840480679743796,0.000602460143350747,0.0001150471898685515,0.00048741295348219554,False,0.08492076615047989,True,0.0002717599547189531,covariate shift only (P(Y|X) stable)
2017 vs 2021,2017,2021,0.018067277296444192,0.016866842927719984,0.7326562200891047,0.7340661007299892,0.0014098806408845421,-0.0004197168705153201,0.0018295975113998622,False,0.23202996972942747,True,0.0012828618709073147,covariate shift only (P(Y|X) stable)
2018 vs 2021,2018,2021,0.022388373625654552,0.016866842927719984,0.7717102070611666,0.7710009582066478,-0.0007092488545187292,-0.0004197168705153201,-0.0002895319840034091,False,0.2710839567014893,True,-0.0002799092310035167,covariate shift only (P(Y|X) stable)
2019 vs 2021,2019,2021,0.02060369151095815,0.016866842927719984,0.6180252562672076,0.6167849817182731,-0.0012402745489344946,-0.0004197168705153201,-0.0008205576784191745,False,0.11739900590753038,True,-0.00045814049303183335,covariate shift only (P(Y|X) stable)
2020 vs 2021,2020,2021,0.024471411589294088,0.016866842927719984,0.6136702672907137,0.6157241187022683,0.0020538514115545636,-0.0004197168705153201,0.0024735682820698837,False,0.1130440169310365,True,0.00033605525361701805,covariate shift only (P(Y|X) stable)
2017 vs 2022,2017,2022,0.018067277296444192,0.031500301471836925,0.6587498814442819,0.6618316144304228,0.003081732986140895,-0.000284718852217522,0.003366451838358417,False,0.15921046424473878,True,0.002940287598560354,covariate shift only (P(Y|X) stable)
2018 vs 2022,2018,2022,0.022388373625654552,0.031500301471836925,0.7315712322856256,0.731387218452993,-0.00018401383263255688,-0.000284718852217522,0.00010070501958496514,False,0.23203181508608245,True,-0.0010465224991667021,covariate shift only (P(Y|X) stable)
2019 vs 2022,2019,2022,0.02060369151095815,0.031500301471836925,0.6826929826857628,0.6845021123992506,0.0018091297134877893,-0.000284718852217522,0.0020938485657053113,False,0.1831535654862197,True,0.0005059377028214795,covariate shift only (P(Y|X) stable)
2020 vs 2022,2020,2022,0.024471411589294088,0.031500301471836925,0.6645192615542722,0.6685883823621309,0.004069120807858706,-0.000284718852217522,0.004353839660076228,False,0.16497984435472907,True,0.0024961934498056726,covariate shift only (P(Y|X) stable)
2021 vs 2022,2021,2022,0.016866842927719984,0.031500301471836925,0.7105086646952146,0.7121182776348132,0.0016096129395986036,-0.000284718852217522,0.0018943317918161257,False,0.21096924749567142,True,0.0010698695367546973,covariate shift only (P(Y|X) stable)
