objective,strategy,metric,selected_family_id,selected_label,sweep_size,point_estimate,naive_ci_lower,naive_ci_upper,selection_ci_lower,selection_ci_upper,corrected_ci_lower,corrected_ci_upper,naive_width,selection_width,resampling_bias,selection_bias,bias_corrected_point,reported_config_win_fraction,n_bootstrap,ci_alpha
forecast,Combined,f1_score,"mlp_combined_HE=0.1_CC=0.1_UP=0.1_PR=(0.2,10)_RR=0.5","Combined (RR=0.5, HE/CC/UP/PR=.1/.1/.1/.2)",6,0.38536096686151317,0.3433531675237494,0.417821603288592,0.3437578961355118,0.4181227972196328,0.3434660078165387,0.4178309089006597,0.07446843576484263,0.07436490108412103,-0.003458755325540519,0.0002918883189730881,0.3850690785425401,0.757,2000,0.05
forecast,Combined,pr_auc,"mlp_combined_HE=0.1_CC=0.1_UP=0.1_PR=(0.2,10)_RR=0.5","Combined (RR=0.5, HE/CC/UP/PR=.1/.1/.1/.2)",6,0.34460348058070167,0.29833694737141403,0.38546744707083463,0.29953914680929855,0.3855559447787428,0.29889545094188974,0.38491224891133397,0.0871304996994206,0.08601679796944423,-0.0023827039021949714,0.0006436958674088111,0.34395978471329286,0.757,2000,0.05
forecast,Confidently Correct,f1_score,mlp_prevyears_monthly_features_incremental_scaler_experience_replay_confidently_correct_memory_RR_0.4,Confidently Correct (RR=0.4),4,0.38931408884513946,0.34984645390546315,0.4200948592517021,0.34984645390546315,0.41999079133298584,0.34991651397359536,0.42006085140111804,0.07024840534623894,0.07014433742752268,-0.003137525764089766,-7.0060068132205e-05,0.38938414891327167,0.974,2000,0.05
forecast,Confidently Correct,pr_auc,mlp_prevyears_monthly_features_incremental_scaler_experience_replay_confidently_correct_memory_RR_0.4,Confidently Correct (RR=0.4),4,0.3511415690626449,0.3057101171083459,0.3925331633797824,0.3057129163127593,0.3925331633797824,0.30568985536606275,0.3925101024330858,0.0868230462714365,0.08682024706702307,-0.0020943255537496652,2.306094669657366e-05,0.3511185081159483,0.974,2000,0.05
forecast,Hard Example Mining,f1_score,mlp_prevyears_monthly_features_incremental_scaler_experience_replay_hard_example_mining_RR_0.4,Hard Example Mining (RR=0.4),4,0.36859814968865834,0.3311836164360973,0.3979797461323709,0.33340126600985903,0.39828852918881175,0.33245478031471215,0.39734204349366486,0.06679612969627363,0.06488726317895271,-0.00243327528407411,0.0009464856951468814,0.36765166399351146,0.62,2000,0.05
forecast,Hard Example Mining,pr_auc,mlp_prevyears_monthly_features_incremental_scaler_experience_replay_hard_example_mining_RR_0.4,Hard Example Mining (RR=0.4),4,0.3272344493402772,0.2832036933389393,0.36581203409761626,0.28538954136796824,0.36635278496900003,0.28435352598005476,0.36531676958108655,0.08260834075867696,0.0809632436010318,-0.0019153728520028834,0.0010360153879134804,0.3261984339523637,0.62,2000,0.05
forecast,Misclassification Buffer,f1_score,mlp_prevyears_monthly_features_incremental_scaler_missclassification_buffer_RR_0.3,Misclassification Buffer (RR=0.3),1,0.35800824941924947,0.319661476569374,0.38838607711466483,0.319661476569374,0.38838607711466483,0.319661476569374,0.38838607711466483,0.06872460054529084,0.06872460054529084,-0.002083940180896582,0.0,0.35800824941924947,1.0,2000,0.05
forecast,Misclassification Buffer,pr_auc,mlp_prevyears_monthly_features_incremental_scaler_missclassification_buffer_RR_0.3,Misclassification Buffer (RR=0.3),1,0.3210895520099134,0.2778921878201195,0.3593580409650828,0.2778921878201195,0.3593580409650828,0.2778921878201195,0.3593580409650828,0.0814658531449633,0.0814658531449633,-0.0011197196009417598,0.0,0.3210895520099134,1.0,2000,0.05
forecast,PR Stratification,f1_score,mlp_prevyears_monthly_features_incremental_scaler_experience_replay_RR_0.2_PR_0.10,"PR Stratification (RR=0.2, PR=0.10)",8,0.3882558930134768,0.3517569044503489,0.4166962313011687,0.3517569044503489,0.41648940864473377,0.35191194521885855,0.4166444494132434,0.06493932685081977,0.06473250419438487,-0.002577432392273038,-0.00015504076850964,0.38841093378198643,0.655,2000,0.05
forecast,PR Stratification,pr_auc,mlp_prevyears_monthly_features_incremental_scaler_experience_replay_RR_0.2_PR_0.10,"PR Stratification (RR=0.2, PR=0.10)",8,0.3500338850670027,0.3053706482826025,0.3886559227880816,0.307595159510334,0.39033257378856884,0.3066774263546266,0.3894148406328614,0.08328527450547907,0.08273741427823483,-0.0018733276385318742,0.0009177331557074231,0.3491161519112953,0.655,2000,0.05
forecast,Uncertainty Prioritization,f1_score,mlp_prevyears_monthly_features_incremental_scaler_experience_replay_uncertainity_prioritization_RR_0.5,Uncertainty Prioritization (RR=0.5),4,0.3841000476245221,0.3450514562156165,0.4157534175043886,0.3480219380035924,0.415755878496063,0.3470762105801623,0.4148101510726329,0.0707019612887721,0.06773394049247061,-0.0026523055513051896,0.0009457274234300761,0.383154320201092,0.709,2000,0.05
forecast,Uncertainty Prioritization,pr_auc,mlp_prevyears_monthly_features_incremental_scaler_experience_replay_uncertainity_prioritization_RR_0.5,Uncertainty Prioritization (RR=0.5),4,0.3455265277346256,0.30053797033020996,0.38635113928865156,0.3025337665727771,0.3864645810019888,0.3015290432790943,0.38545985770830604,0.0858131689584416,0.08393081442921174,-0.00170878343877795,0.0010047232936827855,0.3445218044409428,0.709,2000,0.05
forecast,Uniform Random,f1_score,mlp_prevyears_monthly_features_incremental_scaler_experience_replay_RR_0.4,Uniform Random (RR=0.4),4,0.3838924848396529,0.3450355636751297,0.41452344072516684,0.3467879942395626,0.4142424521694112,0.34593904511006773,0.41339350303991634,0.06948787705003712,0.06745445792984861,-0.002869914975334509,0.000848949129494847,0.38304353571015803,0.531,2000,0.05
forecast,Uniform Random,pr_auc,mlp_prevyears_monthly_features_incremental_scaler_experience_replay_RR_0.4,Uniform Random (RR=0.4),4,0.3465892564839591,0.3010663836918764,0.3873542502752505,0.3027909400276954,0.38815251852770977,0.3012829381128655,0.38664451661287985,0.08628786658337412,0.08536157850001436,-0.002175811174776887,0.001508001914829915,0.3450812545691292,0.531,2000,0.05
retention,Combined,f1_score,"mlp_combined_HE=0_CC=0.2_UP=0.2_PR=(0.1,10)_RR=0.5","Combined (RR=0.5, CC/UP/PR=.2/.2/.1)",6,0.4253405832373421,0.3843892549987905,0.4570156901336191,0.37986110025987807,0.45555112333192227,0.3822066432564652,0.4578966663285094,0.07262643513482858,0.0756900230720442,-0.0042726101338068645,-0.0023455429965871244,0.4276861262339292,0.566,2000,0.05
retention,Combined,pr_auc,"mlp_combined_HE=0_CC=0.2_UP=0.2_PR=(0.1,10)_RR=0.5","Combined (RR=0.5, CC/UP/PR=.2/.2/.1)",6,0.39199674740210416,0.3455589156586646,0.43046441280796055,0.3473191345864558,0.43052756992972635,0.3463444942148166,0.42955292955808716,0.08490549714929596,0.08320843534327055,-0.0038210227115805795,0.0009746403716391905,0.39102210703046497,0.566,2000,0.05
retention,Confidently Correct,f1_score,mlp_prevyears_monthly_features_incremental_scaler_experience_replay_confidently_correct_memory_RR_0.2,Confidently Correct (RR=0.2),4,0.43166449291382475,0.39050134095641215,0.46423877001526465,0.3922738539674871,0.46441669602846514,0.3916888467940989,0.4638316888550769,0.0737374290588525,0.07214284206097804,-0.004274138325378596,0.000585007173388219,0.43107948574043653,0.6815,2000,0.05
retention,Confidently Correct,pr_auc,mlp_prevyears_monthly_features_incremental_scaler_experience_replay_confidently_correct_memory_RR_0.2,Confidently Correct (RR=0.2),4,0.4004460475487382,0.3531840506160912,0.4407919797168824,0.35499131997244926,0.4407919797168824,0.3542313970860177,0.4400320568304508,0.08760792910079118,0.08580065974443313,-0.003870590990003475,0.0007599228864315632,0.39968612466230663,0.6815,2000,0.05
retention,Hard Example Mining,f1_score,mlp_prevyears_monthly_features_incremental_scaler_experience_replay_hard_example_mining_RR_0.5,Hard Example Mining (RR=0.5),4,0.39462920424938575,0.34869405058426195,0.4328813988234997,0.34855740458050843,0.4328813988234997,0.3485601725915432,0.43288416683453446,0.08418734823923774,0.08432399424299125,-0.003830515308053395,-2.7680110347705345e-06,0.3946319722604205,0.9965,2000,0.05
retention,Hard Example Mining,pr_auc,mlp_prevyears_monthly_features_incremental_scaler_experience_replay_hard_example_mining_RR_0.5,Hard Example Mining (RR=0.5),4,0.35266915801717186,0.3047664617673098,0.3945206653412788,0.3047664617673098,0.3945206653412788,0.30475948956168936,0.3945136931356583,0.08975420357396896,0.08975420357396896,-0.0034102515232619646,6.972205620459082e-06,0.3526621858115514,0.9965,2000,0.05
retention,Misclassification Buffer,f1_score,mlp_prevyears_monthly_features_incremental_scaler_missclassification_buffer_RR_0.3,Misclassification Buffer (RR=0.3),1,0.39033645292474106,0.3504491893673923,0.4222287484346179,0.3504491893673923,0.4222287484346179,0.3504491893673923,0.4222287484346179,0.0717795590672256,0.0717795590672256,-0.0037868079024358514,0.0,0.39033645292474106,1.0,2000,0.05
retention,Misclassification Buffer,pr_auc,mlp_prevyears_monthly_features_incremental_scaler_missclassification_buffer_RR_0.3,Misclassification Buffer (RR=0.3),1,0.35507917840654885,0.3108719175970822,0.3944278870476652,0.3108719175970822,0.3944278870476652,0.3108719175970822,0.3944278870476652,0.08355596945058297,0.08355596945058297,-0.0032913544427383146,0.0,0.35507917840654885,1.0,2000,0.05
retention,PR Stratification,f1_score,mlp_prevyears_monthly_features_incremental_scaler_experience_replay_RR_0.4_PR_0.15,"PR Stratification (RR=0.4, PR=0.15)",8,0.4330296679257861,0.392511072359905,0.46455524617917054,0.39912437605913914,0.46679731945259934,0.3947420787320619,0.4624150221255221,0.07204417381926553,0.0676729433934602,-0.0039651812099071315,0.004382297327077234,0.4286473705987089,0.3795,2000,0.05
retention,PR Stratification,pr_auc,mlp_prevyears_monthly_features_incremental_scaler_experience_replay_RR_0.4_PR_0.15,"PR Stratification (RR=0.4, PR=0.15)",8,0.40275666161418283,0.356875117238027,0.4426357392802266,0.35943378896736844,0.4431366436628973,0.3578617280852748,0.4415645827808036,0.08576062204219959,0.08370285469552885,-0.0035697257972400753,0.0015720608820936621,0.40118460073208917,0.3795,2000,0.05
retention,Uncertainty Prioritization,f1_score,mlp_prevyears_monthly_features_incremental_scaler_experience_replay_uncertainity_prioritization_RR_0.4,Uncertainty Prioritization (RR=0.4),4,0.4421613875438242,0.4002812737988187,0.47555256753491415,0.39935044773470385,0.4756242129224026,0.39981240481357966,0.4760861700012784,0.07527129373609542,0.07627376518769874,-0.004271080591587706,-0.0004619570788758076,0.44262334462270003,0.7915,2000,0.05
retention,Uncertainty Prioritization,pr_auc,mlp_prevyears_monthly_features_incremental_scaler_experience_replay_uncertainity_prioritization_RR_0.4,Uncertainty Prioritization (RR=0.4),4,0.40708385530127583,0.3597716797987788,0.44716380316402327,0.36062599680407775,0.44738112312644324,0.36028766813481344,0.4470427944571789,0.08739212336524449,0.08675512632236548,-0.004095434756235639,0.0003383286692643095,0.4067455266320115,0.7915,2000,0.05
retention,Uniform Random,f1_score,mlp_prevyears_monthly_features_incremental_scaler_experience_replay_RR_0.5,Uniform Random (RR=0.5),4,0.42798746147734873,0.39108788417667695,0.4565607102915969,0.39061092546856346,0.4574923312657585,0.39028937725496987,0.4571707830521649,0.06547282611491995,0.06688140579719504,-0.003537207618009741,0.0003215482135935921,0.42766591326375514,0.5655,2000,0.05
retention,Uniform Random,pr_auc,mlp_prevyears_monthly_features_incremental_scaler_experience_replay_RR_0.5,Uniform Random (RR=0.5),4,0.3956088160716454,0.35350575371217713,0.4313199443399589,0.35426369590219503,0.43400161688839867,0.3528365053382615,0.43257442632446513,0.07781419062778178,0.07973792098620364,-0.0029538837352289238,0.0014271905639335336,0.39418162550771185,0.5655,2000,0.05
