objective,strategy,metric,selected_label,baseline_point_estimate,point_estimate,naive_ci_lower,naive_ci_upper,naive_excludes_zero,selection_ci_lower,selection_ci_upper,selection_excludes_zero,corrected_ci_lower,corrected_ci_upper,corrected_excludes_zero,selection_bias,bias_corrected_margin,p_value_one_sided_selection,n_bootstrap,ci_alpha
forecast,Combined,f1_score,"Combined (RR=0.5, HE/CC/UP/PR=.1/.1/.1/.2)",0.3775675917253164,0.007793375136196767,-0.013497927020510631,0.029640072984383866,False,-0.012644269200957464,0.029640072984383866,False,-0.012936157519930637,0.02934818466541069,False,0.0002918883189731731,0.007501486817223594,0.3183408295852074,2000,0.05
forecast,Combined,pr_auc,"Combined (RR=0.5, HE/CC/UP/PR=.1/.1/.1/.2)",0.33482624837870606,0.009777232201995611,-0.009527626823810833,0.02912783787341913,False,-0.006625212543751929,0.02912783787341913,False,-0.007268908411160719,0.02848414200601034,False,0.0006436958674087903,0.009133536334586821,0.1584207896051974,2000,0.05
forecast,Confidently Correct,f1_score,Confidently Correct (RR=0.4),0.3775675917253164,0.011746497119823063,-0.0043557155210591945,0.0282452938324451,False,-0.005181701188549372,0.0282452938324451,False,-0.005111641120417122,0.02831535390057735,False,-7.00600681322501e-05,0.011816557187955313,0.11944027986006997,2000,0.05
forecast,Confidently Correct,pr_auc,Confidently Correct (RR=0.4),0.33482624837870606,0.016315320683938817,-5.259174643866547e-05,0.034170002192377334,False,0.00015617933069588143,0.034170002192377334,True,0.00013311838399938063,0.03414694124568084,True,2.30609466965008e-05,0.016292259737242316,0.025487256371814093,2000,0.05
forecast,Hard Example Mining,f1_score,Hard Example Mining (RR=0.4),0.3775675917253164,-0.00896944203665806,-0.02122119099453807,0.001756943474593941,False,-0.01863548746714078,0.0022011814641216877,False,-0.01958197316228763,0.0012546957689748357,False,0.0009464856951468519,-0.009915927731804912,0.9345327336331835,2000,0.05
forecast,Hard Example Mining,pr_auc,Hard Example Mining (RR=0.4),0.33482624837870606,-0.007591799038428881,-0.02159358002242792,0.006601430907646506,False,-0.019821607748757263,0.007088471493025109,False,-0.020857623136670677,0.006052456105111694,False,0.0010360153879134153,-0.008627814426342296,0.848575712143928,2000,0.05
forecast,Misclassification Buffer,f1_score,Misclassification Buffer (RR=0.3),0.3775675917253164,-0.01955934230606693,-0.031244909176811452,-0.0070323928151165725,True,-0.031244909176811452,-0.0070323928151165725,True,-0.031244909176811452,-0.0070323928151165725,True,0.0,-0.01955934230606693,0.9980009995002499,2000,0.05
forecast,Misclassification Buffer,pr_auc,Misclassification Buffer (RR=0.3),0.33482624837870606,-0.013736696368792656,-0.026823263323487296,0.0038971737075106636,False,-0.026823263323487296,0.0038971737075106636,False,-0.026823263323487296,0.0038971737075106636,False,0.0,-0.013736696368792656,0.9475262368815592,2000,0.05
forecast,PR Stratification,f1_score,"PR Stratification (RR=0.2, PR=0.10)",0.3775675917253164,0.010688301288160396,0.002476072461803376,0.01872927752725955,True,0.0012174918762798957,0.019035107438927976,True,0.0013725326447895443,0.019190148207437627,True,-0.00015504076850964867,0.010843342056670044,0.011494252873563218,2000,0.05
forecast,PR Stratification,pr_auc,"PR Stratification (RR=0.2, PR=0.10)",0.33482624837870606,0.015207636688296666,0.0036777583011883192,0.027182075143885515,True,0.0040456697331243425,0.029759323174658594,True,0.0031279365774169367,0.028841590018951188,True,0.0009177331557074057,0.01428990353258926,0.0024987506246876563,2000,0.05
forecast,Uncertainty Prioritization,f1_score,Uncertainty Prioritization (RR=0.5),0.3775675917253164,0.0065324558992057025,-0.008479361067251109,0.02220679243366049,False,-0.006018862398796472,0.02220679243366049,False,-0.006964589822226642,0.02126106501023032,False,0.0009457274234301698,0.005586728475775533,0.175912043978011,2000,0.05
forecast,Uncertainty Prioritization,pr_auc,Uncertainty Prioritization (RR=0.5),0.33482624837870606,0.01070027935591955,-0.00655746158460809,0.029347975754969967,False,-0.0036850032475120114,0.029347975754969967,False,-0.004689726541194816,0.02834325246128716,False,0.0010047232936828045,0.009695556062236746,0.08745627186406797,2000,0.05
forecast,Uniform Random,f1_score,Uniform Random (RR=0.4),0.3775675917253164,0.006324893114336483,-0.0072723404252117456,0.0200261658941208,False,-0.0055751648058741995,0.020031937047368473,False,-0.0064241139353690335,0.01918298791787364,False,0.000848949129494834,0.005475943984841649,0.16741629185407297,2000,0.05
forecast,Uniform Random,pr_auc,Uniform Random (RR=0.4),0.33482624837870606,0.011763008105253048,-0.003952773085909331,0.02801000625605133,False,0.00028003984457066757,0.02801000625605133,True,-0.001227962070259187,0.026502004341221477,False,0.0015080019148298544,0.010255006190423193,0.022988505747126436,2000,0.05
retention,Combined,f1_score,"Combined (RR=0.5, CC/UP/PR=.2/.2/.1)",0.3650769403967786,0.06026364284056346,0.036418598028312155,0.07957170119695997,True,0.03017587540532863,0.07908272421069967,True,0.032521418401915796,0.08142826720728684,True,-0.002345542996587166,0.06260918583715062,0.0004997501249375312,2000,0.05
retention,Combined,pr_auc,"Combined (RR=0.5, CC/UP/PR=.2/.2/.1)",0.3160892970870635,0.07590745031504065,0.05772952454919205,0.09175114994266538,True,0.05872219338853815,0.09222334588667502,True,0.057747553016898934,0.0912487055150358,True,0.0009746403716392182,0.07493280994340143,0.0004997501249375312,2000,0.05
retention,Confidently Correct,f1_score,Confidently Correct (RR=0.2),0.3650769403967786,0.06658755251704612,0.043716486820810606,0.08553399892324431,True,0.04328010685534958,0.08673287545025907,True,0.04269509968196128,0.08614786827687076,True,0.0005850071733883022,0.06600254534365782,0.0004997501249375312,2000,0.05
retention,Confidently Correct,pr_auc,Confidently Correct (RR=0.2),0.3160892970870635,0.08435675046167468,0.06559992532430528,0.10058269666831035,True,0.06696321689211433,0.1010263589387196,True,0.0662032940056828,0.10026643605228806,True,0.0007599228864315355,0.08359682757524314,0.0004997501249375312,2000,0.05
retention,Hard Example Mining,f1_score,Hard Example Mining (RR=0.5),0.3650769403967786,0.02955226385260712,0.005233995799091065,0.052711488006549304,True,0.005233995799091065,0.052711488006549304,True,0.005236763810125822,0.05271425601758406,True,-2.7680110347566567e-06,0.029555031863641876,0.0074962518740629685,2000,0.05
retention,Hard Example Mining,pr_auc,Hard Example Mining (RR=0.5),0.3160892970870635,0.03657986093010834,0.01621445425271516,0.05535210138764787,True,0.01621445425271516,0.05535210138764787,True,0.01620748204709468,0.05534512918202739,True,6.972205620479899e-06,0.03657288872448786,0.0004997501249375312,2000,0.05
retention,Misclassification Buffer,f1_score,Misclassification Buffer (RR=0.3),0.3650769403967786,0.025259512527962436,0.0009503743248894123,0.045909397653133295,True,0.0009503743248894123,0.045909397653133295,True,0.0009503743248894123,0.045909397653133295,True,0.0,0.025259512527962436,0.021989005497251374,2000,0.05
retention,Misclassification Buffer,pr_auc,Misclassification Buffer (RR=0.3),0.3160892970870635,0.03898988131948533,0.01718510112221925,0.05714409077699104,True,0.01718510112221925,0.05714409077699104,True,0.01718510112221925,0.05714409077699104,True,0.0,0.03898988131948533,0.0004997501249375312,2000,0.05
retention,PR Stratification,f1_score,"PR Stratification (RR=0.4, PR=0.15)",0.3650769403967786,0.0679527275290075,0.044322825154602605,0.08737970369213545,True,0.04722395287231896,0.09226497999930307,True,0.04284165554524174,0.08788268267222585,True,0.00438229732707722,0.06357043020193028,0.0004997501249375312,2000,0.05
retention,PR Stratification,pr_auc,"PR Stratification (RR=0.4, PR=0.15)",0.3160892970870635,0.08666736452711932,0.06814615871005669,0.10251668152050922,True,0.07003129658073307,0.10325431542868631,True,0.06845923569863942,0.10168225454659266,True,0.0015720608820936482,0.08509530364502567,0.0004997501249375312,2000,0.05
retention,Uncertainty Prioritization,f1_score,Uncertainty Prioritization (RR=0.4),0.3650769403967786,0.0770844471470456,0.052016063903943685,0.09758918578657697,True,0.051137160762625485,0.09758918578657697,True,0.05159911784150139,0.09805114286545287,True,-0.00046195707887590476,0.0775464042259215,0.0004997501249375312,2000,0.05
retention,Uncertainty Prioritization,pr_auc,Uncertainty Prioritization (RR=0.4),0.3160892970870635,0.09099455821421232,0.07087414822703046,0.106885587099023,True,0.07170020131651712,0.106885587099023,True,0.07136187264725276,0.10654725842975864,True,0.000338328669264365,0.09065622954494795,0.0004997501249375312,2000,0.05
retention,Uniform Random,f1_score,Uniform Random (RR=0.5),0.3650769403967786,0.0629105210805701,0.03859506362524906,0.0834988034504376,True,0.03885030849492323,0.08351282636702376,True,0.03852876028132966,0.08319127815343019,True,0.00032154821359356434,0.06258897286697654,0.0004997501249375312,2000,0.05
retention,Uniform Random,pr_auc,Uniform Random (RR=0.5),0.3160892970870635,0.07951951898458187,0.061958209587529206,0.09565155699400353,True,0.06366856174152823,0.096399135009031,True,0.06224137117759469,0.09497194444509746,True,0.0014271905639335336,0.07809232842064834,0.0004997501249375312,2000,0.05
