slice,metric,band_size,n_pairs,critical_value_maxt,n_significant_pairs,no_ordering_resolved,resolution,observed_spread,spread_over_resolution,strategy_a,strategy_b,point_estimate,se_diff,sim_ci_lower,sim_ci_upper,sim_significant,p_value_maxt
forecast_mean,f1_score,5,10,2.6333048845771465,0,True,0.021451224661221843,0.00542160400548658,0.2527410015563079,"Combined (RR=0.5, HE/CC/UP/PR=.1/.1/.1/.2)",Confidently Correct (RR=0.4),-0.003953121983626295,0.0038742569214155038,-0.01415522165889656,0.006248977691643969,False,0.8110944527736131
forecast_mean,f1_score,5,10,2.6333048845771465,0,True,0.021451224661221843,0.00542160400548658,0.2527410015563079,"Combined (RR=0.5, HE/CC/UP/PR=.1/.1/.1/.2)","PR Stratification (RR=0.2, PR=0.10)",-0.0028949261519636282,0.008146122686688616,-0.02434615081318547,0.018556298509258214,False,0.992503748125937
forecast_mean,f1_score,5,10,2.6333048845771465,0,True,0.021451224661221843,0.00542160400548658,0.2527410015563079,"Combined (RR=0.5, HE/CC/UP/PR=.1/.1/.1/.2)",Uncertainty Prioritization (RR=0.5),0.001260919236991065,0.005933380734741175,-0.01436348123385881,0.01688531970784094,False,0.9995002498750625
forecast_mean,f1_score,5,10,2.6333048845771465,0,True,0.021451224661221843,0.00542160400548658,0.2527410015563079,"Combined (RR=0.5, HE/CC/UP/PR=.1/.1/.1/.2)",Uniform Random (RR=0.4),0.0014684820218602845,0.005998172312573563,-0.014326534427375078,0.017263498471095647,False,0.9995002498750625
forecast_mean,f1_score,5,10,2.6333048845771465,0,True,0.021451224661221843,0.00542160400548658,0.2527410015563079,Confidently Correct (RR=0.4),"PR Stratification (RR=0.2, PR=0.10)",0.0010581958316626672,0.005137582153115271,-0.01247062434705215,0.014587016010377485,False,0.9995002498750625
forecast_mean,f1_score,5,10,2.6333048845771465,0,True,0.021451224661221843,0.00542160400548658,0.2527410015563079,Confidently Correct (RR=0.4),Uncertainty Prioritization (RR=0.5),0.00521404122061736,0.004091117090467993,-0.00555911739708905,0.015987199838323772,False,0.6696651674162919
forecast_mean,f1_score,5,10,2.6333048845771465,0,True,0.021451224661221843,0.00542160400548658,0.2527410015563079,Confidently Correct (RR=0.4),Uniform Random (RR=0.4),0.00542160400548658,0.003376851612303992,-0.0034706758396857353,0.014313883850658895,False,0.44177911044477763
forecast_mean,f1_score,5,10,2.6333048845771465,0,True,0.021451224661221843,0.00542160400548658,0.2527410015563079,"PR Stratification (RR=0.2, PR=0.10)",Uncertainty Prioritization (RR=0.5),0.004155845388954693,0.004911278171844879,-0.008777047410481546,0.017088738188390934,False,0.8810594702648675
forecast_mean,f1_score,5,10,2.6333048845771465,0,True,0.021451224661221843,0.00542160400548658,0.2527410015563079,"PR Stratification (RR=0.2, PR=0.10)",Uniform Random (RR=0.4),0.004363408173823913,0.0037660567794608833,-0.005553767539125308,0.014280583886773134,False,0.7331334332833583
forecast_mean,f1_score,5,10,2.6333048845771465,0,True,0.021451224661221843,0.00542160400548658,0.2527410015563079,Uncertainty Prioritization (RR=0.5),Uniform Random (RR=0.4),0.00020756278486921964,0.0034917178573114493,-0.008987194904354267,0.009402320474092707,False,1.0
forecast_mean,pr_auc,5,10,2.6925484540875977,0,True,0.012806246977890078,0.006538088481943205,0.5105389965718435,"Combined (RR=0.5, HE/CC/UP/PR=.1/.1/.1/.2)",Confidently Correct (RR=0.4),-0.006538088481943205,0.0029449604383372688,-0.014467537157537352,0.001391360193650942,False,0.17341329335332334
forecast_mean,pr_auc,5,10,2.6925484540875977,0,True,0.012806246977890078,0.006538088481943205,0.5105389965718435,"Combined (RR=0.5, HE/CC/UP/PR=.1/.1/.1/.2)","PR Stratification (RR=0.2, PR=0.10)",-0.005430404486301055,0.004756180695076713,-0.018236651464191133,0.0073758424915890235,False,0.7746126936531734
forecast_mean,pr_auc,5,10,2.6925484540875977,0,True,0.012806246977890078,0.006538088481943205,0.5105389965718435,"Combined (RR=0.5, HE/CC/UP/PR=.1/.1/.1/.2)",Uncertainty Prioritization (RR=0.5),-0.0009230471539239393,0.003292573537421031,-0.009788460942076669,0.00794236663422879,False,0.9980009995002499
forecast_mean,pr_auc,5,10,2.6925484540875977,0,True,0.012806246977890078,0.006538088481943205,0.5105389965718435,"Combined (RR=0.5, HE/CC/UP/PR=.1/.1/.1/.2)",Uniform Random (RR=0.4),-0.0019857759032574362,0.0032849228453990073,-0.010830589832433566,0.006859038025918694,False,0.9675162418790605
forecast_mean,pr_auc,5,10,2.6925484540875977,0,True,0.012806246977890078,0.006538088481943205,0.5105389965718435,Confidently Correct (RR=0.4),"PR Stratification (RR=0.2, PR=0.10)",0.0011076839956421503,0.0037917905777655058,-0.009101895862744281,0.011317263854028582,False,0.9970014992503748
forecast_mean,pr_auc,5,10,2.6925484540875977,0,True,0.012806246977890078,0.006538088481943205,0.5105389965718435,Confidently Correct (RR=0.4),Uncertainty Prioritization (RR=0.5),0.005615041328019266,0.0032269628610353956,-0.00307371253485968,0.014303795190898212,False,0.4052973513243378
forecast_mean,pr_auc,5,10,2.6925484540875977,0,True,0.012806246977890078,0.006538088481943205,0.5105389965718435,Confidently Correct (RR=0.4),Uniform Random (RR=0.4),0.004552312578685769,0.0034200288599868533,-0.004656280841206803,0.01376090599857834,False,0.6681659170414792
forecast_mean,pr_auc,5,10,2.6925484540875977,0,True,0.012806246977890078,0.006538088481943205,0.5105389965718435,"PR Stratification (RR=0.2, PR=0.10)",Uncertainty Prioritization (RR=0.5),0.0045073573323771154,0.004280048472492538,-0.007016880565652651,0.016031595230406884,False,0.823088455772114
forecast_mean,pr_auc,5,10,2.6925484540875977,0,True,0.012806246977890078,0.006538088481943205,0.5105389965718435,"PR Stratification (RR=0.2, PR=0.10)",Uniform Random (RR=0.4),0.0034446285830436185,0.003983812558870397,-0.007281979763717625,0.014171236929804862,False,0.9080459770114943
forecast_mean,pr_auc,5,10,2.6925484540875977,0,True,0.012806246977890078,0.006538088481943205,0.5105389965718435,Uncertainty Prioritization (RR=0.5),Uniform Random (RR=0.4),-0.001062728749333497,0.003522442693125258,-0.010547076377320065,0.008421618878653071,False,0.9955022488755623
retention_mean,f1_score,5,10,2.6014914053205374,3,False,0.014387799925361006,0.01682080430648214,1.1691019053463858,"Combined (RR=0.5, CC/UP/PR=.2/.2/.1)",Confidently Correct (RR=0.2),-0.006323909676482664,0.003936625904882904,-0.016565008133997722,0.0039171887810323935,False,0.4892553723138431
retention_mean,f1_score,5,10,2.6014914053205374,3,False,0.014387799925361006,0.01682080430648214,1.1691019053463858,"Combined (RR=0.5, CC/UP/PR=.2/.2/.1)","PR Stratification (RR=0.4, PR=0.15)",-0.007689084688444037,0.0031374573846048542,-0.015851153109053016,0.000472983732164943,False,0.079960019990005
retention_mean,f1_score,5,10,2.6014914053205374,3,False,0.014387799925361006,0.01682080430648214,1.1691019053463858,"Combined (RR=0.5, CC/UP/PR=.2/.2/.1)",Uncertainty Prioritization (RR=0.4),-0.01682080430648214,0.002955576772264236,-0.024509711877292565,-0.009131896735671715,True,0.0004997501249375312
retention_mean,f1_score,5,10,2.6014914053205374,3,False,0.014387799925361006,0.01682080430648214,1.1691019053463858,"Combined (RR=0.5, CC/UP/PR=.2/.2/.1)",Uniform Random (RR=0.5),-0.002646878240006645,0.005281496531117029,-0.016386646072937827,0.011092889592924537,False,0.9850074962518741
retention_mean,f1_score,5,10,2.6014914053205374,3,False,0.014387799925361006,0.01682080430648214,1.1691019053463858,Confidently Correct (RR=0.2),"PR Stratification (RR=0.4, PR=0.15)",-0.0013651750119613726,0.003078509465010726,-0.009373890926384703,0.0066435409024619575,False,0.9910044977511244
retention_mean,f1_score,5,10,2.6014914053205374,3,False,0.014387799925361006,0.01682080430648214,1.1691019053463858,Confidently Correct (RR=0.2),Uncertainty Prioritization (RR=0.4),-0.010496894629999476,0.003951719701884626,-0.02077725947068817,-0.00021652978931078516,True,0.04397801099450275
retention_mean,f1_score,5,10,2.6014914053205374,3,False,0.014387799925361006,0.01682080430648214,1.1691019053463858,Confidently Correct (RR=0.2),Uniform Random (RR=0.5),0.0036770314364760193,0.004927941914580015,-0.009142967100222723,0.01649702997317476,False,0.9485257371314343
retention_mean,f1_score,5,10,2.6014914053205374,3,False,0.014387799925361006,0.01682080430648214,1.1691019053463858,"PR Stratification (RR=0.4, PR=0.15)",Uncertainty Prioritization (RR=0.4),-0.009131719618038103,0.0032223428832908537,-0.01751461693391506,-0.0007488223021611482,True,0.025987006496751622
retention_mean,f1_score,5,10,2.6014914053205374,3,False,0.014387799925361006,0.01682080430648214,1.1691019053463858,"PR Stratification (RR=0.4, PR=0.15)",Uniform Random (RR=0.5),0.005042206448437392,0.004345125386028656,-0.00626159989835624,0.016346012795231023,False,0.7746126936531734
retention_mean,f1_score,5,10,2.6014914053205374,3,False,0.014387799925361006,0.01682080430648214,1.1691019053463858,Uncertainty Prioritization (RR=0.4),Uniform Random (RR=0.5),0.014173926066475495,0.005530596755359353,-0.00021387385888551116,0.0285617259918365,False,0.05747126436781609
retention_mean,pr_auc,5,10,2.626366073735101,2,False,0.01465982809142251,0.01508710789917167,1.0291463041097435,"Combined (RR=0.5, CC/UP/PR=.2/.2/.1)",Confidently Correct (RR=0.2),-0.008449300146634031,0.003847167806037287,-0.018553371152376263,0.001654770859108201,False,0.14942528735632185
retention_mean,pr_auc,5,10,2.626366073735101,2,False,0.01465982809142251,0.01508710789917167,1.0291463041097435,"Combined (RR=0.5, CC/UP/PR=.2/.2/.1)","PR Stratification (RR=0.4, PR=0.15)",-0.01075991421207867,0.0038341649433807283,-0.020829834940478277,-0.0006899934836790602,True,0.02948525737131434
retention_mean,pr_auc,5,10,2.626366073735101,2,False,0.01465982809142251,0.01508710789917167,1.0291463041097435,"Combined (RR=0.5, CC/UP/PR=.2/.2/.1)",Uncertainty Prioritization (RR=0.4),-0.01508710789917167,0.0032907170978705214,-0.023729735643278838,-0.006444480155064502,True,0.0004997501249375312
retention_mean,pr_auc,5,10,2.626366073735101,2,False,0.01465982809142251,0.01508710789917167,1.0291463041097435,"Combined (RR=0.5, CC/UP/PR=.2/.2/.1)",Uniform Random (RR=0.5),-0.003612068669541224,0.005581791600960621,-0.018271896760963732,0.011047759421881286,False,0.9620189905047476
retention_mean,pr_auc,5,10,2.626366073735101,2,False,0.01465982809142251,0.01508710789917167,1.0291463041097435,Confidently Correct (RR=0.2),"PR Stratification (RR=0.4, PR=0.15)",-0.0023106140654446383,0.002732251169198106,-0.009486505841149608,0.00486527771026033,False,0.9160419790104948
retention_mean,pr_auc,5,10,2.626366073735101,2,False,0.01465982809142251,0.01508710789917167,1.0291463041097435,Confidently Correct (RR=0.2),Uncertainty Prioritization (RR=0.4),-0.006637807752537639,0.003535307877495712,-0.015922820422200827,0.0026472049171255476,False,0.31984007996002
retention_mean,pr_auc,5,10,2.626366073735101,2,False,0.01465982809142251,0.01508710789917167,1.0291463041097435,Confidently Correct (RR=0.2),Uniform Random (RR=0.5),0.004837231477092807,0.005235923958954591,-0.008914221573362309,0.018588684527547923,False,0.8905547226386806
retention_mean,pr_auc,5,10,2.626366073735101,2,False,0.01465982809142251,0.01508710789917167,1.0291463041097435,"PR Stratification (RR=0.4, PR=0.15)",Uncertainty Prioritization (RR=0.4),-0.0043271936870930006,0.003565858003405844,-0.013692442170994894,0.005038054796808893,False,0.7461269365317341
retention_mean,pr_auc,5,10,2.626366073735101,2,False,0.01465982809142251,0.01508710789917167,1.0291463041097435,"PR Stratification (RR=0.4, PR=0.15)",Uniform Random (RR=0.5),0.007147845542537445,0.004310323889648827,-0.004172642888046155,0.018468333973121046,False,0.4672663668165917
retention_mean,pr_auc,5,10,2.626366073735101,2,False,0.01465982809142251,0.01508710789917167,1.0291463041097435,Uncertainty Prioritization (RR=0.4),Uniform Random (RR=0.5),0.011475039229630446,0.005577283340328212,-0.003172948519015551,0.026123026978276443,False,0.21339330334832585
retention_2017,f1_score,5,10,2.6985349888743113,1,False,0.02974111746323402,0.027595031149972915,0.9278411002574433,"Combined (RR=0.5, CC/UP/PR=.2/.2/.1)",Confidently Correct (RR=0.2),-0.014876069390917512,0.010268067748702184,-0.042584809478922236,0.012832670697087212,False,0.5912043978010995
retention_2017,f1_score,5,10,2.6985349888743113,1,False,0.02974111746323402,0.027595031149972915,0.9278411002574433,"Combined (RR=0.5, CC/UP/PR=.2/.2/.1)","PR Stratification (RR=0.4, PR=0.15)",-0.020227389542247454,0.00966454275612842,-0.046307496321131764,0.00585271723663686,False,0.2098950524737631
retention_2017,f1_score,5,10,2.6985349888743113,1,False,0.02974111746323402,0.027595031149972915,0.9278411002574433,"Combined (RR=0.5, CC/UP/PR=.2/.2/.1)",Uncertainty Prioritization (RR=0.4),-0.027595031149972915,0.010222062679690749,-0.0551796249495847,-1.0437350361127556e-05,True,0.049475262368815595
retention_2017,f1_score,5,10,2.6985349888743113,1,False,0.02974111746323402,0.027595031149972915,0.9278411002574433,"Combined (RR=0.5, CC/UP/PR=.2/.2/.1)",Uniform Random (RR=0.5),-0.023266485901357215,0.010778686994984847,-0.05235314989144833,0.005820178088733904,False,0.18240879560219891
retention_2017,f1_score,5,10,2.6985349888743113,1,False,0.02974111746323402,0.027595031149972915,0.9278411002574433,Confidently Correct (RR=0.2),"PR Stratification (RR=0.4, PR=0.15)",-0.005351320151329941,0.011021208761736482,-0.03509243761456396,0.02438979731190408,False,0.9895052473763118
retention_2017,f1_score,5,10,2.6985349888743113,1,False,0.02974111746323402,0.027595031149972915,0.9278411002574433,Confidently Correct (RR=0.2),Uncertainty Prioritization (RR=0.4),-0.012718961759055403,0.009364381276533372,-0.0379890722829402,0.012551148764829389,False,0.6466766616691654
retention_2017,f1_score,5,10,2.6985349888743113,1,False,0.02974111746323402,0.027595031149972915,0.9278411002574433,Confidently Correct (RR=0.2),Uniform Random (RR=0.5),-0.008390416510439702,0.007601256778944608,-0.028902673887839774,0.01212184086696037,False,0.7986006996501749
retention_2017,f1_score,5,10,2.6985349888743113,1,False,0.02974111746323402,0.027595031149972915,0.9278411002574433,"PR Stratification (RR=0.4, PR=0.15)",Uncertainty Prioritization (RR=0.4),-0.007367641607725461,0.010405695074423278,-0.035447773849613756,0.020712490634162833,False,0.9550224887556222
retention_2017,f1_score,5,10,2.6985349888743113,1,False,0.02974111746323402,0.027595031149972915,0.9278411002574433,"PR Stratification (RR=0.4, PR=0.15)",Uniform Random (RR=0.5),-0.003039096359109761,0.010529257300706573,-0.031452665591926735,0.025374472873707213,False,0.999000499750125
retention_2017,f1_score,5,10,2.6985349888743113,1,False,0.02974111746323402,0.027595031149972915,0.9278411002574433,Uncertainty Prioritization (RR=0.4),Uniform Random (RR=0.5),0.0043285452486157006,0.008260254853435227,-0.017962041490398106,0.026619131987629507,False,0.9850074962518741
retention_2017,pr_auc,5,10,2.711485726021958,1,False,0.033193360595333524,0.03476680289211512,1.0474023198784759,"Combined (RR=0.5, CC/UP/PR=.2/.2/.1)",Confidently Correct (RR=0.2),-0.03476680289211512,0.0114679122139872,-0.06586188316761428,-0.0036717226166159585,True,0.021989005497251374
retention_2017,pr_auc,5,10,2.711485726021958,1,False,0.033193360595333524,0.03476680289211512,1.0474023198784759,"Combined (RR=0.5, CC/UP/PR=.2/.2/.1)","PR Stratification (RR=0.4, PR=0.15)",-0.03298887925814256,0.012241761141052278,-0.06618223985347609,0.00020448133719096206,False,0.053973013493253376
retention_2017,pr_auc,5,10,2.711485726021958,1,False,0.033193360595333524,0.03476680289211512,1.0474023198784759,"Combined (RR=0.5, CC/UP/PR=.2/.2/.1)",Uncertainty Prioritization (RR=0.4),-0.02496264951848093,0.01049628629756776,-0.053423179990575775,0.003497880953613919,False,0.12043978010994502
retention_2017,pr_auc,5,10,2.711485726021958,1,False,0.033193360595333524,0.03476680289211512,1.0474023198784759,"Combined (RR=0.5, CC/UP/PR=.2/.2/.1)",Uniform Random (RR=0.5),-0.02939258131024733,0.012060452071422178,-0.06209432495128052,0.0033091623307858614,False,0.10094952523738131
retention_2017,pr_auc,5,10,2.711485726021958,1,False,0.033193360595333524,0.03476680289211512,1.0474023198784759,Confidently Correct (RR=0.2),"PR Stratification (RR=0.4, PR=0.15)",0.0017779236339725557,0.011012582305078497,-0.028082536092889777,0.03163838336083489,False,1.0
retention_2017,pr_auc,5,10,2.711485726021958,1,False,0.033193360595333524,0.03476680289211512,1.0474023198784759,Confidently Correct (RR=0.2),Uncertainty Prioritization (RR=0.4),0.009804153373634189,0.010918109445687881,-0.019800144543494012,0.03940845129076239,False,0.8845577211394303
retention_2017,pr_auc,5,10,2.711485726021958,1,False,0.033193360595333524,0.03476680289211512,1.0474023198784759,Confidently Correct (RR=0.2),Uniform Random (RR=0.5),0.0053742215818677885,0.007766389954037904,-0.015684233921226316,0.026432677084961893,False,0.9500249875062469
retention_2017,pr_auc,5,10,2.711485726021958,1,False,0.033193360595333524,0.03476680289211512,1.0474023198784759,"PR Stratification (RR=0.4, PR=0.15)",Uncertainty Prioritization (RR=0.4),0.008026229739661633,0.009888305058544237,-0.018785768281131786,0.03483822776045505,False,0.9160419790104948
retention_2017,pr_auc,5,10,2.711485726021958,1,False,0.033193360595333524,0.03476680289211512,1.0474023198784759,"PR Stratification (RR=0.4, PR=0.15)",Uniform Random (RR=0.5),0.003596297947895233,0.00979322069878192,-0.022957880188634726,0.03015047608442519,False,0.993503248375812
retention_2017,pr_auc,5,10,2.711485726021958,1,False,0.033193360595333524,0.03476680289211512,1.0474023198784759,Uncertainty Prioritization (RR=0.4),Uniform Random (RR=0.5),-0.0044299317917664005,0.008232104770777404,-0.026751166372846594,0.017891302789313793,False,0.9765117441279361
forecast_at_retention_config,f1_score,5,10,2.613836242243498,4,False,0.01879493468854238,0.021019072078302947,1.1183370640344086,"Combined (RR=0.5, CC/UP/PR=.2/.2/.1)",Confidently Correct (RR=0.2),-0.002469510358796001,0.003253064451476927,-0.010972488120420358,0.006033467402828356,False,0.9245377311344328
forecast_at_retention_config,f1_score,5,10,2.613836242243498,4,False,0.01879493468854238,0.021019072078302947,1.1183370640344086,"Combined (RR=0.5, CC/UP/PR=.2/.2/.1)","PR Stratification (RR=0.4, PR=0.15)",-0.011427572693241628,0.004468265175661615,-0.02310688614934047,0.00025174076285721346,False,0.05747126436781609
forecast_at_retention_config,f1_score,5,10,2.613836242243498,4,False,0.01879493468854238,0.021019072078302947,1.1183370640344086,"Combined (RR=0.5, CC/UP/PR=.2/.2/.1)",Uncertainty Prioritization (RR=0.4),0.00959149938506132,0.0035796890656372054,0.00023477836933602676,0.018948220400786614,True,0.04397801099450275
forecast_at_retention_config,f1_score,5,10,2.613836242243498,4,False,0.01879493468854238,0.021019072078302947,1.1183370640344086,"Combined (RR=0.5, CC/UP/PR=.2/.2/.1)",Uniform Random (RR=0.5),-0.009290763412270309,0.006096704043979106,-0.02522654940065539,0.006645022576114774,False,0.5132433783108445
forecast_at_retention_config,f1_score,5,10,2.613836242243498,4,False,0.01879493468854238,0.021019072078302947,1.1183370640344086,Confidently Correct (RR=0.2),"PR Stratification (RR=0.4, PR=0.15)",-0.008958062334445627,0.003834716717892197,-0.018981383870409287,0.0010652592015180339,False,0.10194902548725637
forecast_at_retention_config,f1_score,5,10,2.613836242243498,4,False,0.01879493468854238,0.021019072078302947,1.1183370640344086,Confidently Correct (RR=0.2),Uncertainty Prioritization (RR=0.4),0.01206100974385732,0.003985643544495394,0.0016431901985914238,0.022478829289123217,True,0.01649175412293853
forecast_at_retention_config,f1_score,5,10,2.613836242243498,4,False,0.01879493468854238,0.021019072078302947,1.1183370640344086,Confidently Correct (RR=0.2),Uniform Random (RR=0.5),-0.006821253053474308,0.004959795144028604,-0.019785345355039584,0.006142839248090967,False,0.6181909045477262
forecast_at_retention_config,f1_score,5,10,2.613836242243498,4,False,0.01879493468854238,0.021019072078302947,1.1183370640344086,"PR Stratification (RR=0.4, PR=0.15)",Uncertainty Prioritization (RR=0.4),0.021019072078302947,0.0062859180257261345,0.0045887117268882775,0.03744943242971761,True,0.005497251374312844
forecast_at_retention_config,f1_score,5,10,2.613836242243498,4,False,0.01879493468854238,0.021019072078302947,1.1183370640344086,"PR Stratification (RR=0.4, PR=0.15)",Uniform Random (RR=0.5),0.002136809280971319,0.004932044013707889,-0.01075474611039845,0.015028364672341088,False,0.9895052473763118
forecast_at_retention_config,f1_score,5,10,2.613836242243498,4,False,0.01879493468854238,0.021019072078302947,1.1183370640344086,Uncertainty Prioritization (RR=0.4),Uniform Random (RR=0.5),-0.018882262797331628,0.007190555546207586,-0.037677197485874,-8.732810878924954e-05,True,0.047976011994003
forecast_at_retention_config,pr_auc,5,10,2.6547388830227425,3,False,0.018507951879637143,0.021749074133548207,1.1751205252201362,"Combined (RR=0.5, CC/UP/PR=.2/.2/.1)",Confidently Correct (RR=0.2),-0.007600423253852295,0.004886798569785085,-0.020573597430560687,0.005372750922856096,False,0.5062468765617192
forecast_at_retention_config,pr_auc,5,10,2.6547388830227425,3,False,0.018507951879637143,0.021749074133548207,1.1751205252201362,"Combined (RR=0.5, CC/UP/PR=.2/.2/.1)","PR Stratification (RR=0.4, PR=0.15)",-0.011548638071024298,0.005578217744645418,-0.026357349615701915,0.003260073473653322,False,0.20939530234882558
forecast_at_retention_config,pr_auc,5,10,2.6547388830227425,3,False,0.018507951879637143,0.021749074133548207,1.1751205252201362,"Combined (RR=0.5, CC/UP/PR=.2/.2/.1)",Uncertainty Prioritization (RR=0.4),0.009941785633921174,0.003776969519932261,-8.508221063474077e-05,0.019968653478477087,False,0.054972513743128434
forecast_at_retention_config,pr_auc,5,10,2.6547388830227425,3,False,0.018507951879637143,0.021749074133548207,1.1751205252201362,"Combined (RR=0.5, CC/UP/PR=.2/.2/.1)",Uniform Random (RR=0.5),-0.011807288499627033,0.00697166564967911,-0.030315240379264176,0.006700663380010109,False,0.4052973513243378
forecast_at_retention_config,pr_auc,5,10,2.6547388830227425,3,False,0.018507951879637143,0.021749074133548207,1.1751205252201362,Confidently Correct (RR=0.2),"PR Stratification (RR=0.4, PR=0.15)",-0.003948214817172002,0.0044338996355389815,-0.015719060583057703,0.007822630948713698,False,0.8820589705147426
forecast_at_retention_config,pr_auc,5,10,2.6547388830227425,3,False,0.018507951879637143,0.021749074133548207,1.1751205252201362,Confidently Correct (RR=0.2),Uncertainty Prioritization (RR=0.4),0.01754220888777347,0.00392838429756377,0.007113374345574946,0.027971043429971993,True,0.0004997501249375312
forecast_at_retention_config,pr_auc,5,10,2.6547388830227425,3,False,0.018507951879637143,0.021749074133548207,1.1751205252201362,Confidently Correct (RR=0.2),Uniform Random (RR=0.5),-0.004206865245774738,0.0036814973137173487,-0.01398027931224396,0.005566548820694484,False,0.7581209395302348
forecast_at_retention_config,pr_auc,5,10,2.6547388830227425,3,False,0.018507951879637143,0.021749074133548207,1.1751205252201362,"PR Stratification (RR=0.4, PR=0.15)",Uncertainty Prioritization (RR=0.4),0.02149042370494547,0.005835499620330318,0.005998695960990124,0.03698215144890082,True,0.001999000499750125
forecast_at_retention_config,pr_auc,5,10,2.6547388830227425,3,False,0.018507951879637143,0.021749074133548207,1.1751205252201362,"PR Stratification (RR=0.4, PR=0.15)",Uniform Random (RR=0.5),-0.0002586504286027358,0.005346476461687994,-0.014452149378611704,0.013934848521406232,False,1.0
forecast_at_retention_config,pr_auc,5,10,2.6547388830227425,3,False,0.018507951879637143,0.021749074133548207,1.1751205252201362,Uncertainty Prioritization (RR=0.4),Uniform Random (RR=0.5),-0.021749074133548207,0.005635145154633007,-0.03670891308702966,-0.006789235180066758,True,0.0014992503748125937
retention_at_forecast_config,f1_score,5,10,2.759022640238647,7,False,0.015763994824061836,0.03873673410493883,2.4572917294930776,"Combined (RR=0.5, HE/CC/UP/PR=.1/.1/.1/.2)",Confidently Correct (RR=0.4),-0.028444254077275133,0.0055808792629354715,-0.04384202631615247,-0.013046481838397794,True,0.0004997501249375312
retention_at_forecast_config,f1_score,5,10,2.759022640238647,7,False,0.015763994824061836,0.03873673410493883,2.4572917294930776,"Combined (RR=0.5, HE/CC/UP/PR=.1/.1/.1/.2)","PR Stratification (RR=0.2, PR=0.10)",-0.030292995715461957,0.005713615609438529,-0.04605699053952379,-0.01452900089140012,True,0.0004997501249375312
retention_at_forecast_config,f1_score,5,10,2.759022640238647,7,False,0.015763994824061836,0.03873673410493883,2.4572917294930776,"Combined (RR=0.5, HE/CC/UP/PR=.1/.1/.1/.2)",Uncertainty Prioritization (RR=0.5),-0.03873673410493883,0.004822948554204737,-0.052043358358695946,-0.02543010985118171,True,0.0004997501249375312
retention_at_forecast_config,f1_score,5,10,2.759022640238647,7,False,0.015763994824061836,0.03873673410493883,2.4572917294930776,"Combined (RR=0.5, HE/CC/UP/PR=.1/.1/.1/.2)",Uniform Random (RR=0.4),-0.02622235491925895,0.005255247863114087,-0.04072170275365648,-0.011723007084861414,True,0.0004997501249375312
retention_at_forecast_config,f1_score,5,10,2.759022640238647,7,False,0.015763994824061836,0.03873673410493883,2.4572917294930776,Confidently Correct (RR=0.4),"PR Stratification (RR=0.2, PR=0.10)",-0.0018487416381868238,0.002717573359673186,-0.009346588064034548,0.0056491047876608995,False,0.9600199900049975
retention_at_forecast_config,f1_score,5,10,2.759022640238647,7,False,0.015763994824061836,0.03873673410493883,2.4572917294930776,Confidently Correct (RR=0.4),Uncertainty Prioritization (RR=0.5),-0.010292480027663697,0.0033300175476468777,-0.019480073834013407,-0.0011048862213139856,True,0.01649175412293853
retention_at_forecast_config,f1_score,5,10,2.759022640238647,7,False,0.015763994824061836,0.03873673410493883,2.4572917294930776,Confidently Correct (RR=0.4),Uniform Random (RR=0.4),0.002221899158016183,0.0034999590412100844,-0.007434567076590386,0.011878365392622752,False,0.9715142428785607
retention_at_forecast_config,f1_score,5,10,2.759022640238647,7,False,0.015763994824061836,0.03873673410493883,2.4572917294930776,"PR Stratification (RR=0.2, PR=0.10)",Uncertainty Prioritization (RR=0.5),-0.008443738389476874,0.0026219618333221525,-0.01567779044945432,-0.0012096863294994258,True,0.01199400299850075
retention_at_forecast_config,f1_score,5,10,2.759022640238647,7,False,0.015763994824061836,0.03873673410493883,2.4572917294930776,"PR Stratification (RR=0.2, PR=0.10)",Uniform Random (RR=0.4),0.004070640796203007,0.0030784251301542356,-0.004422803834172132,0.012564085426578145,False,0.6526736631684158
retention_at_forecast_config,f1_score,5,10,2.759022640238647,7,False,0.015763994824061836,0.03873673410493883,2.4572917294930776,Uncertainty Prioritization (RR=0.5),Uniform Random (RR=0.4),0.01251437918567988,0.002522837391961167,0.005553813703618399,0.019474944667741363,True,0.0004997501249375312
retention_at_forecast_config,pr_auc,5,10,2.7058502241629516,4,False,0.0156970138585174,0.033767967665029874,2.1512351310505435,"Combined (RR=0.5, HE/CC/UP/PR=.1/.1/.1/.2)",Confidently Correct (RR=0.4),-0.028267831513918262,0.005746855493099204,-0.04381796173815283,-0.012717701289683692,True,0.0004997501249375312
retention_at_forecast_config,pr_auc,5,10,2.7058502241629516,4,False,0.0156970138585174,0.033767967665029874,2.1512351310505435,"Combined (RR=0.5, HE/CC/UP/PR=.1/.1/.1/.2)","PR Stratification (RR=0.2, PR=0.10)",-0.026701316542796283,0.005801139219881703,-0.04239833040131368,-0.011004302684278884,True,0.0009995002498750624
retention_at_forecast_config,pr_auc,5,10,2.7058502241629516,4,False,0.0156970138585174,0.033767967665029874,2.1512351310505435,"Combined (RR=0.5, HE/CC/UP/PR=.1/.1/.1/.2)",Uncertainty Prioritization (RR=0.5),-0.033767967665029874,0.00484692430650844,-0.0468830188862966,-0.02065291644376315,True,0.0004997501249375312
retention_at_forecast_config,pr_auc,5,10,2.7058502241629516,4,False,0.0156970138585174,0.033767967665029874,2.1512351310505435,"Combined (RR=0.5, HE/CC/UP/PR=.1/.1/.1/.2)",Uniform Random (RR=0.4),-0.02609105161828379,0.005261462997490723,-0.040327782449469135,-0.011854320787098442,True,0.0004997501249375312
retention_at_forecast_config,pr_auc,5,10,2.7058502241629516,4,False,0.0156970138585174,0.033767967665029874,2.1512351310505435,Confidently Correct (RR=0.4),"PR Stratification (RR=0.2, PR=0.10)",0.0015665149711219795,0.0028713756558463176,-0.006202997490905821,0.00933602743314978,False,0.9770114942528736
retention_at_forecast_config,pr_auc,5,10,2.7058502241629516,4,False,0.0156970138585174,0.033767967665029874,2.1512351310505435,Confidently Correct (RR=0.4),Uncertainty Prioritization (RR=0.5),-0.005500136151111612,0.003707393609993058,-0.015531787981771622,0.004531515679548398,False,0.5527236381809095
retention_at_forecast_config,pr_auc,5,10,2.7058502241629516,4,False,0.0156970138585174,0.033767967665029874,2.1512351310505435,Confidently Correct (RR=0.4),Uniform Random (RR=0.4),0.002176779895634473,0.0031873046616638936,-0.006447589137604393,0.01080114892887334,False,0.9515242378810594
retention_at_forecast_config,pr_auc,5,10,2.7058502241629516,4,False,0.0156970138585174,0.033767967665029874,2.1512351310505435,"PR Stratification (RR=0.2, PR=0.10)",Uncertainty Prioritization (RR=0.5),-0.0070666511222335915,0.0029879149513567806,-0.015151501463142172,0.0010181992186749887,False,0.12593703148425786
retention_at_forecast_config,pr_auc,5,10,2.7058502241629516,4,False,0.0156970138585174,0.033767967665029874,2.1512351310505435,"PR Stratification (RR=0.2, PR=0.10)",Uniform Random (RR=0.4),0.0006102649245124936,0.0030072841215118907,-0.007526995489802141,0.008747525338827129,False,1.0
retention_at_forecast_config,pr_auc,5,10,2.7058502241629516,4,False,0.0156970138585174,0.033767967665029874,2.1512351310505435,Uncertainty Prioritization (RR=0.5),Uniform Random (RR=0.4),0.007676916046746085,0.003012054124875131,-0.00047325128223823197,0.015827083375730404,False,0.07196401799100449
