slice,metric,row_label,family_id,baseline_family_id,strategy_point_estimate,baseline_point_estimate,point_estimate,ci_lower,ci_upper,bootstrap_mean,bootstrap_std,n_bootstrap,ci_method,ci_alpha,p_value_one_sided,p_value_two_sided,p_value_holm,holm_family,holm_family_size,holm_p_side
forecast_mean,f1_score,Uniform Random (RR=0.4),mlp_prevyears_monthly_features_incremental_scaler_experience_replay_RR_0.4,mlp_prevyears_monthly_features_incremental_scaler,0.3838924848396529,0.3775675917253164,0.006324893114336483,-0.0072723404252117456,0.0200261658941208,0.005777776842351723,0.0071146882306351725,2000,percentile,0.05,0.22438780609695153,0.44877561219390305,1.0,forecast_mean:f1_score,7,two_sided
forecast_mean,f1_score,"PR Stratification (RR=0.2, PR=0.10)",mlp_prevyears_monthly_features_incremental_scaler_experience_replay_RR_0.2_PR_0.10,mlp_prevyears_monthly_features_incremental_scaler,0.3882558930134768,0.3775675917253164,0.010688301288160396,0.002476072461803376,0.01872927752725955,0.010433667599237124,0.004346267016974654,2000,percentile,0.05,0.00399800099950025,0.0079960019990005,0.0559720139930035,forecast_mean:f1_score,7,two_sided
forecast_mean,f1_score,Confidently Correct (RR=0.4),mlp_prevyears_monthly_features_incremental_scaler_experience_replay_confidently_correct_memory_RR_0.4,mlp_prevyears_monthly_features_incremental_scaler,0.38931408884513946,0.3775675917253164,0.011746497119823063,-0.0043557155210591945,0.0282452938324451,0.010931770059083063,0.00878943973652433,2000,percentile,0.05,0.11544227886056972,0.23088455772113944,1.0,forecast_mean:f1_score,7,two_sided
forecast_mean,f1_score,Uncertainty Prioritization (RR=0.5),mlp_prevyears_monthly_features_incremental_scaler_experience_replay_uncertainity_prioritization_RR_0.5,mlp_prevyears_monthly_features_incremental_scaler,0.3841000476245221,0.3775675917253164,0.0065324558992057025,-0.008479361067251109,0.02220679243366049,0.006202949051250223,0.008302419818452743,2000,percentile,0.05,0.24437781109445278,0.48875562218890556,1.0,forecast_mean:f1_score,7,two_sided
forecast_mean,f1_score,Hard Example Mining (RR=0.4),mlp_prevyears_monthly_features_incremental_scaler_experience_replay_hard_example_mining_RR_0.4,mlp_prevyears_monthly_features_incremental_scaler,0.36859814968865834,0.3775675917253164,-0.00896944203665806,-0.02122119099453807,0.001756943474593941,-0.009079918617382405,0.005950908791993788,2000,percentile,0.05,0.9425287356321839,0.11594202898550725,0.6956521739130435,forecast_mean:f1_score,7,two_sided
forecast_mean,f1_score,Misclassification Buffer (RR=0.4),mlp_prevyears_monthly_features_incremental_scaler_missclassification_buffer_RR_0.4,mlp_prevyears_monthly_features_incremental_scaler,0.3821250909251393,0.3775675917253164,0.004557499199822901,-0.0073860918670240125,0.017006533883078996,0.004159386752353122,0.006278898039701331,2000,percentile,0.05,0.26786606696651677,0.5357321339330335,1.0,forecast_mean:f1_score,7,two_sided
forecast_mean,f1_score,"Combined (RR=0.5, HE/CC/UP/PR=.1/.1/.1/.2)","mlp_combined_HE=0.1_CC=0.1_UP=0.1_PR=(0.2,10)_RR=0.5",mlp_prevyears_monthly_features_incremental_scaler,0.38536096686151317,0.3775675917253164,0.007793375136196767,-0.013497927020510631,0.029640072984383866,0.006657418514005995,0.011910776245413326,2000,percentile,0.05,0.33483258370814595,0.6696651674162919,1.0,forecast_mean:f1_score,7,two_sided
forecast_mean,pr_auc,Uniform Random (RR=0.4),mlp_prevyears_monthly_features_incremental_scaler_experience_replay_RR_0.4,mlp_prevyears_monthly_features_incremental_scaler,0.3465892564839591,0.33482624837870606,0.011763008105253048,-0.003952773085909331,0.02801000625605133,0.011102614471896704,0.008212681451226375,2000,percentile,0.05,0.08995502248875563,0.17991004497751126,0.719640179910045,forecast_mean:pr_auc,7,two_sided
forecast_mean,pr_auc,"PR Stratification (RR=0.2, PR=0.10)",mlp_prevyears_monthly_features_incremental_scaler_experience_replay_RR_0.2_PR_0.10,mlp_prevyears_monthly_features_incremental_scaler,0.3500338850670027,0.33482624837870606,0.015207636688296666,0.0036777583011883192,0.027182075143885515,0.014849726591185306,0.006279129694770536,2000,percentile,0.05,0.0024987506246876563,0.004997501249375313,0.03498250874562719,forecast_mean:pr_auc,7,two_sided
forecast_mean,pr_auc,Confidently Correct (RR=0.4),mlp_prevyears_monthly_features_incremental_scaler_experience_replay_confidently_correct_memory_RR_0.4,mlp_prevyears_monthly_features_incremental_scaler,0.3511415690626449,0.33482624837870606,0.016315320683938817,-5.259174643866547e-05,0.034170002192377334,0.015736412671609742,0.00899262282032821,2000,percentile,0.05,0.026986506746626688,0.053973013493253376,0.32383808095952027,forecast_mean:pr_auc,7,two_sided
forecast_mean,pr_auc,Uncertainty Prioritization (RR=0.5),mlp_prevyears_monthly_features_incremental_scaler_experience_replay_uncertainity_prioritization_RR_0.5,mlp_prevyears_monthly_features_incremental_scaler,0.3455265277346256,0.33482624837870606,0.01070027935591955,-0.00655746158460809,0.029347975754969967,0.01050691345856211,0.009310363881514332,2000,percentile,0.05,0.13343328335832083,0.26686656671664166,0.7706146926536731,forecast_mean:pr_auc,7,two_sided
forecast_mean,pr_auc,Hard Example Mining (RR=0.4),mlp_prevyears_monthly_features_incremental_scaler_experience_replay_hard_example_mining_RR_0.4,mlp_prevyears_monthly_features_incremental_scaler,0.3272344493402772,0.33482624837870606,-0.007591799038428881,-0.02159358002242792,0.006601430907646506,-0.007991754349011225,0.007106714021814307,2000,percentile,0.05,0.872063968015992,0.25687156421789104,0.7706146926536731,forecast_mean:pr_auc,7,two_sided
forecast_mean,pr_auc,Misclassification Buffer (RR=0.4),mlp_prevyears_monthly_features_incremental_scaler_missclassification_buffer_RR_0.4,mlp_prevyears_monthly_features_incremental_scaler,0.3455620945667454,0.33482624837870606,0.010735846188039355,-0.001717752798354455,0.024563963958274627,0.010422813139084535,0.006819859121604433,2000,percentile,0.05,0.05747126436781609,0.11494252873563218,0.5747126436781609,forecast_mean:pr_auc,7,two_sided
forecast_mean,pr_auc,"Combined (RR=0.5, HE/CC/UP/PR=.1/.1/.1/.2)","mlp_combined_HE=0.1_CC=0.1_UP=0.1_PR=(0.2,10)_RR=0.5",mlp_prevyears_monthly_features_incremental_scaler,0.34460348058070167,0.33482624837870606,0.009777232201995611,-0.009527626823810833,0.02912783787341913,0.008909945841221168,0.010034537066105086,2000,percentile,0.05,0.19440279860069964,0.3888055972013993,0.7706146926536731,forecast_mean:pr_auc,7,two_sided
retention_mean,f1_score,Uniform Random (RR=0.5),mlp_prevyears_monthly_features_incremental_scaler_experience_replay_RR_0.5,mlp_prevyears_monthly_features_incremental_scaler,0.42798746147734873,0.3650769403967786,0.0629105210805701,0.03859506362524906,0.0834988034504376,0.06361520120642687,0.011289062228424783,2000,percentile,0.05,0.0004997501249375312,0.0009995002498750624,0.0069965017491254375,retention_mean:f1_score,7,two_sided
retention_mean,f1_score,"PR Stratification (RR=0.4, PR=0.15)",mlp_prevyears_monthly_features_incremental_scaler_experience_replay_RR_0.4_PR_0.15,mlp_prevyears_monthly_features_incremental_scaler,0.4330296679257861,0.3650769403967786,0.0679527275290075,0.044322825154602605,0.08737970369213545,0.0682294340629669,0.011103926333555017,2000,percentile,0.05,0.0004997501249375312,0.0009995002498750624,0.0069965017491254375,retention_mean:f1_score,7,two_sided
retention_mean,f1_score,Confidently Correct (RR=0.2),mlp_prevyears_monthly_features_incremental_scaler_experience_replay_confidently_correct_memory_RR_0.2,mlp_prevyears_monthly_features_incremental_scaler,0.43166449291382475,0.3650769403967786,0.06658755251704612,0.043716486820810606,0.08553399892324431,0.06655530193553404,0.010754885608262741,2000,percentile,0.05,0.0004997501249375312,0.0009995002498750624,0.0069965017491254375,retention_mean:f1_score,7,two_sided
retention_mean,f1_score,Uncertainty Prioritization (RR=0.4),mlp_prevyears_monthly_features_incremental_scaler_experience_replay_uncertainity_prioritization_RR_0.4,mlp_prevyears_monthly_features_incremental_scaler,0.4421613875438242,0.3650769403967786,0.0770844471470456,0.052016063903943685,0.09758918578657697,0.07705525429932447,0.011653847219982853,2000,percentile,0.05,0.0004997501249375312,0.0009995002498750624,0.0069965017491254375,retention_mean:f1_score,7,two_sided
retention_mean,f1_score,Hard Example Mining (RR=0.5),mlp_prevyears_monthly_features_incremental_scaler_experience_replay_hard_example_mining_RR_0.5,mlp_prevyears_monthly_features_incremental_scaler,0.39462920424938575,0.3650769403967786,0.02955226385260712,0.005233995799091065,0.052711488006549304,0.029963636288420237,0.012219759407847867,2000,percentile,0.05,0.0074962518740629685,0.014992503748125937,0.014992503748125937,retention_mean:f1_score,7,two_sided
retention_mean,f1_score,Misclassification Buffer (RR=0.5),mlp_prevyears_monthly_features_incremental_scaler_missclassification_buffer_RR_0.5,mlp_prevyears_monthly_features_incremental_scaler,0.4215625493572712,0.3650769403967786,0.056485608960492595,0.03292328680441418,0.07667351707818006,0.05681830316912733,0.0112932488926249,2000,percentile,0.05,0.0004997501249375312,0.0009995002498750624,0.0069965017491254375,retention_mean:f1_score,7,two_sided
retention_mean,f1_score,"Combined (RR=0.5, CC/UP/PR=.2/.2/.1)","mlp_combined_HE=0_CC=0.2_UP=0.2_PR=(0.1,10)_RR=0.5",mlp_prevyears_monthly_features_incremental_scaler,0.4253405832373421,0.3650769403967786,0.06026364284056346,0.036418598028312155,0.07957170119695997,0.06023292045062315,0.011173319782641066,2000,percentile,0.05,0.0004997501249375312,0.0009995002498750624,0.0069965017491254375,retention_mean:f1_score,7,two_sided
retention_mean,pr_auc,Uniform Random (RR=0.5),mlp_prevyears_monthly_features_incremental_scaler_experience_replay_RR_0.5,mlp_prevyears_monthly_features_incremental_scaler,0.3956088160716454,0.3160892970870635,0.07951951898458187,0.061958209587529206,0.09565155699400353,0.0797270889518449,0.0086633701640785,2000,percentile,0.05,0.0004997501249375312,0.0009995002498750624,0.0069965017491254375,retention_mean:pr_auc,7,two_sided
retention_mean,pr_auc,"PR Stratification (RR=0.4, PR=0.15)",mlp_prevyears_monthly_features_incremental_scaler_experience_replay_RR_0.4_PR_0.15,mlp_prevyears_monthly_features_incremental_scaler,0.40275666161418283,0.3160892970870635,0.08666736452711932,0.06814615871005669,0.10251668152050922,0.08625909243237122,0.008890668900499448,2000,percentile,0.05,0.0004997501249375312,0.0009995002498750624,0.0069965017491254375,retention_mean:pr_auc,7,two_sided
retention_mean,pr_auc,Confidently Correct (RR=0.2),mlp_prevyears_monthly_features_incremental_scaler_experience_replay_confidently_correct_memory_RR_0.2,mlp_prevyears_monthly_features_incremental_scaler,0.4004460475487382,0.3160892970870635,0.08435675046167468,0.06559992532430528,0.10058269666831035,0.08364761317416321,0.008994885375374507,2000,percentile,0.05,0.0004997501249375312,0.0009995002498750624,0.0069965017491254375,retention_mean:pr_auc,7,two_sided
retention_mean,pr_auc,Uncertainty Prioritization (RR=0.4),mlp_prevyears_monthly_features_incremental_scaler_experience_replay_uncertainity_prioritization_RR_0.4,mlp_prevyears_monthly_features_incremental_scaler,0.40708385530127583,0.3160892970870635,0.09099455821421232,0.07087414822703046,0.106885587099023,0.0900605771604686,0.009428971540763642,2000,percentile,0.05,0.0004997501249375312,0.0009995002498750624,0.0069965017491254375,retention_mean:pr_auc,7,two_sided
retention_mean,pr_auc,Hard Example Mining (RR=0.5),mlp_prevyears_monthly_features_incremental_scaler_experience_replay_hard_example_mining_RR_0.5,mlp_prevyears_monthly_features_incremental_scaler,0.35266915801717186,0.3160892970870635,0.03657986093010834,0.01621445425271516,0.05535210138764787,0.03633106310933832,0.01028631287519099,2000,percentile,0.05,0.0004997501249375312,0.0009995002498750624,0.0069965017491254375,retention_mean:pr_auc,7,two_sided
retention_mean,pr_auc,Misclassification Buffer (RR=0.5),mlp_prevyears_monthly_features_incremental_scaler_missclassification_buffer_RR_0.5,mlp_prevyears_monthly_features_incremental_scaler,0.3903508655651202,0.3160892970870635,0.0742615684780567,0.05530857053348535,0.09075853524740142,0.07427250199669097,0.009205298491031997,2000,percentile,0.05,0.0004997501249375312,0.0009995002498750624,0.0069965017491254375,retention_mean:pr_auc,7,two_sided
retention_mean,pr_auc,"Combined (RR=0.5, CC/UP/PR=.2/.2/.1)","mlp_combined_HE=0_CC=0.2_UP=0.2_PR=(0.1,10)_RR=0.5",mlp_prevyears_monthly_features_incremental_scaler,0.39199674740210416,0.3160892970870635,0.07590745031504065,0.05772952454919205,0.09175114994266538,0.07524788130595207,0.008821026329549512,2000,percentile,0.05,0.0004997501249375312,0.0009995002498750624,0.0069965017491254375,retention_mean:pr_auc,7,two_sided
retention_2017,f1_score,Uniform Random (RR=0.5),mlp_prevyears_monthly_features_incremental_scaler_experience_replay_RR_0.5,mlp_prevyears_monthly_features_incremental_scaler,0.2565712644778405,0.15056119653981884,0.10601006793802167,0.07585665496483711,0.13877768786676528,0.10594114291789836,0.015924067991727478,2000,percentile,0.05,0.0004997501249375312,0.0009995002498750624,0.0069965017491254375,retention_2017:f1_score,7,two_sided
retention_2017,f1_score,"PR Stratification (RR=0.4, PR=0.15)",mlp_prevyears_monthly_features_incremental_scaler_experience_replay_RR_0.4_PR_0.15,mlp_prevyears_monthly_features_incremental_scaler,0.25353216811873075,0.15056119653981884,0.10297097157891191,0.0767467481669814,0.1295462544223318,0.10297673714787757,0.013583949516958613,2000,percentile,0.05,0.0004997501249375312,0.0009995002498750624,0.0069965017491254375,retention_2017:f1_score,7,two_sided
retention_2017,f1_score,Confidently Correct (RR=0.2),mlp_prevyears_monthly_features_incremental_scaler_experience_replay_confidently_correct_memory_RR_0.2,mlp_prevyears_monthly_features_incremental_scaler,0.2481808479674008,0.15056119653981884,0.09761965142758197,0.07140798233573464,0.12467515056388077,0.09772234332745906,0.013242939080592509,2000,percentile,0.05,0.0004997501249375312,0.0009995002498750624,0.0069965017491254375,retention_2017:f1_score,7,two_sided
retention_2017,f1_score,Uncertainty Prioritization (RR=0.4),mlp_prevyears_monthly_features_incremental_scaler_experience_replay_uncertainity_prioritization_RR_0.4,mlp_prevyears_monthly_features_incremental_scaler,0.2608998097264562,0.15056119653981884,0.11033861318663737,0.08068104999405704,0.14035682293864807,0.11031610117318769,0.015412881057791554,2000,percentile,0.05,0.0004997501249375312,0.0009995002498750624,0.0069965017491254375,retention_2017:f1_score,7,two_sided
retention_2017,f1_score,Hard Example Mining (RR=0.5),mlp_prevyears_monthly_features_incremental_scaler_experience_replay_hard_example_mining_RR_0.5,mlp_prevyears_monthly_features_incremental_scaler,0.19555523197611985,0.15056119653981884,0.04499403543630101,0.021096875434002984,0.07323446341500596,0.0454541784441909,0.013252409586605242,2000,percentile,0.05,0.0014992503748125937,0.0029985007496251873,0.0069965017491254375,retention_2017:f1_score,7,two_sided
retention_2017,f1_score,Misclassification Buffer (RR=0.5),mlp_prevyears_monthly_features_incremental_scaler_missclassification_buffer_RR_0.5,mlp_prevyears_monthly_features_incremental_scaler,0.20362518056008574,0.15056119653981884,0.05306398402026691,0.03356812059813219,0.07501751028657326,0.05314226028514327,0.010582918166922516,2000,percentile,0.05,0.0004997501249375312,0.0009995002498750624,0.0069965017491254375,retention_2017:f1_score,7,two_sided
retention_2017,f1_score,"Combined (RR=0.5, CC/UP/PR=.2/.2/.1)","mlp_combined_HE=0_CC=0.2_UP=0.2_PR=(0.1,10)_RR=0.5",mlp_prevyears_monthly_features_incremental_scaler,0.2333047785764833,0.15056119653981884,0.08274358203666446,0.061675439578588793,0.10671087752553593,0.08288271158274377,0.011481912776848634,2000,percentile,0.05,0.0004997501249375312,0.0009995002498750624,0.0069965017491254375,retention_2017:f1_score,7,two_sided
retention_2017,pr_auc,Uniform Random (RR=0.5),mlp_prevyears_monthly_features_incremental_scaler_experience_replay_RR_0.5,mlp_prevyears_monthly_features_incremental_scaler,0.18893033840971665,0.07896067025629736,0.1099696681534193,0.07724445955896221,0.14362613197595953,0.11041738467203087,0.016870582180455437,2000,percentile,0.05,0.0004997501249375312,0.0009995002498750624,0.0069965017491254375,retention_2017:pr_auc,7,two_sided
retention_2017,pr_auc,"PR Stratification (RR=0.4, PR=0.15)",mlp_prevyears_monthly_features_incremental_scaler_experience_replay_RR_0.4_PR_0.15,mlp_prevyears_monthly_features_incremental_scaler,0.19252663635761189,0.07896067025629736,0.11356596610131453,0.08015101750209949,0.14711206380882202,0.11383936985592999,0.016916531740227038,2000,percentile,0.05,0.0004997501249375312,0.0009995002498750624,0.0069965017491254375,retention_2017:pr_auc,7,two_sided
retention_2017,pr_auc,Confidently Correct (RR=0.2),mlp_prevyears_monthly_features_incremental_scaler_experience_replay_confidently_correct_memory_RR_0.2,mlp_prevyears_monthly_features_incremental_scaler,0.19430455999158444,0.07896067025629736,0.11534388973528709,0.08267570086650422,0.14748531602037063,0.11532653369370718,0.01675402606411228,2000,percentile,0.05,0.0004997501249375312,0.0009995002498750624,0.0069965017491254375,retention_2017:pr_auc,7,two_sided
retention_2017,pr_auc,Uncertainty Prioritization (RR=0.4),mlp_prevyears_monthly_features_incremental_scaler_experience_replay_uncertainity_prioritization_RR_0.4,mlp_prevyears_monthly_features_incremental_scaler,0.18450040661795025,0.07896067025629736,0.1055397363616529,0.07690278809024301,0.13801387150244557,0.10671349076972585,0.015502829795359958,2000,percentile,0.05,0.0004997501249375312,0.0009995002498750624,0.0069965017491254375,retention_2017:pr_auc,7,two_sided
retention_2017,pr_auc,Hard Example Mining (RR=0.5),mlp_prevyears_monthly_features_incremental_scaler_experience_replay_hard_example_mining_RR_0.5,mlp_prevyears_monthly_features_incremental_scaler,0.12565377119871127,0.07896067025629736,0.04669310094241391,0.023632594421359305,0.07812906501006699,0.047990434686945665,0.013869428157643318,2000,percentile,0.05,0.0004997501249375312,0.0009995002498750624,0.0069965017491254375,retention_2017:pr_auc,7,two_sided
retention_2017,pr_auc,Misclassification Buffer (RR=0.5),mlp_prevyears_monthly_features_incremental_scaler_missclassification_buffer_RR_0.5,mlp_prevyears_monthly_features_incremental_scaler,0.1524707655075711,0.07896067025629736,0.07351009525127375,0.05137906593715924,0.0972007868405977,0.07389400485640558,0.011542297241670142,2000,percentile,0.05,0.0004997501249375312,0.0009995002498750624,0.0069965017491254375,retention_2017:pr_auc,7,two_sided
retention_2017,pr_auc,"Combined (RR=0.5, CC/UP/PR=.2/.2/.1)","mlp_combined_HE=0_CC=0.2_UP=0.2_PR=(0.1,10)_RR=0.5",mlp_prevyears_monthly_features_incremental_scaler,0.15953775709946932,0.07896067025629736,0.08057708684317197,0.057865063550940135,0.11169355039128592,0.08193407260340153,0.013578014868519478,2000,percentile,0.05,0.0004997501249375312,0.0009995002498750624,0.0069965017491254375,retention_2017:pr_auc,7,two_sided
forecast_at_retention_config,f1_score,Uniform Random (RR=0.5),mlp_prevyears_monthly_features_incremental_scaler_experience_replay_RR_0.5,mlp_prevyears_monthly_features_incremental_scaler,0.3822746803778776,0.3775675917253164,0.004707088652561198,-0.007432355113179584,0.0158381602635508,0.004484700580530244,0.006055158211633166,2000,percentile,0.05,0.2368815592203898,0.4737631184407796,1.0,forecast_at_retention_config:f1_score,7,two_sided
forecast_at_retention_config,f1_score,"PR Stratification (RR=0.4, PR=0.15)",mlp_prevyears_monthly_features_incremental_scaler_experience_replay_RR_0.4_PR_0.15,mlp_prevyears_monthly_features_incremental_scaler,0.3844114896588489,0.3775675917253164,0.006843897933532517,-0.005190447071527328,0.018738829130415642,0.00674010131594795,0.006121219074341407,2000,percentile,0.05,0.13893053473263367,0.27786106946526734,1.0,forecast_at_retention_config:f1_score,7,two_sided
forecast_at_retention_config,f1_score,Confidently Correct (RR=0.2),mlp_prevyears_monthly_features_incremental_scaler_experience_replay_confidently_correct_memory_RR_0.2,mlp_prevyears_monthly_features_incremental_scaler,0.3754534273244033,0.3775675917253164,-0.00211416440091311,-0.010380268625156546,0.005585634591534045,-0.002278287238063462,0.00405050877985104,2000,percentile,0.05,0.7161419290354822,0.5687156421789106,1.0,forecast_at_retention_config:f1_score,7,two_sided
forecast_at_retention_config,f1_score,Uncertainty Prioritization (RR=0.4),mlp_prevyears_monthly_features_incremental_scaler_experience_replay_uncertainity_prioritization_RR_0.4,mlp_prevyears_monthly_features_incremental_scaler,0.36339241758054597,0.3775675917253164,-0.01417517414477043,-0.023549211154352694,-0.00442766325792024,-0.013935493886466541,0.004900399894799495,2000,percentile,0.05,0.9955022488755623,0.009995002498750625,0.06996501749125437,forecast_at_retention_config:f1_score,7,two_sided
forecast_at_retention_config,f1_score,Hard Example Mining (RR=0.5),mlp_prevyears_monthly_features_incremental_scaler_experience_replay_hard_example_mining_RR_0.5,mlp_prevyears_monthly_features_incremental_scaler,0.3688182527379845,0.3775675917253164,-0.008749338987331878,-0.018187624691643638,0.00052407738284756,-0.008748096492566682,0.0049011335014070645,2000,percentile,0.05,0.9645177411294353,0.07196401799100449,0.43178410794602695,forecast_at_retention_config:f1_score,7,two_sided
forecast_at_retention_config,f1_score,Misclassification Buffer (RR=0.5),mlp_prevyears_monthly_features_incremental_scaler_missclassification_buffer_RR_0.5,mlp_prevyears_monthly_features_incremental_scaler,0.3688460172049468,0.3775675917253164,-0.00872157452036959,-0.019973778482194445,0.004439331289637422,-0.008837129981408039,0.006407512124180169,2000,percentile,0.05,0.912543728135932,0.175912043978011,0.879560219890055,forecast_at_retention_config:f1_score,7,two_sided
forecast_at_retention_config,f1_score,"Combined (RR=0.5, CC/UP/PR=.2/.2/.1)","mlp_combined_HE=0_CC=0.2_UP=0.2_PR=(0.1,10)_RR=0.5",mlp_prevyears_monthly_features_incremental_scaler,0.3729839169656073,0.3775675917253164,-0.004583674759709111,-0.014308821860153146,0.00595491176031527,-0.004591106885010362,0.005177635487465924,2000,percentile,0.05,0.8180909545227386,0.36481759120439783,1.0,forecast_at_retention_config:f1_score,7,two_sided
forecast_at_retention_config,pr_auc,Uniform Random (RR=0.5),mlp_prevyears_monthly_features_incremental_scaler_experience_replay_RR_0.5,mlp_prevyears_monthly_features_incremental_scaler,0.34529893642454035,0.33482624837870606,0.010472688045834289,-0.0005691363572272246,0.020840734274312905,0.009991938228552898,0.005553156049706805,2000,percentile,0.05,0.03298350824587706,0.06596701649175413,0.39580209895052476,forecast_at_retention_config:pr_auc,7,two_sided
forecast_at_retention_config,pr_auc,"PR Stratification (RR=0.4, PR=0.15)",mlp_prevyears_monthly_features_incremental_scaler_experience_replay_RR_0.4_PR_0.15,mlp_prevyears_monthly_features_incremental_scaler,0.3450402859959376,0.33482624837870606,0.010214037617231553,-0.0038810783177189515,0.02574158410060253,0.01019070985956263,0.007592730897124511,2000,percentile,0.05,0.0879560219890055,0.175912043978011,0.8695652173913043,forecast_at_retention_config:pr_auc,7,two_sided
forecast_at_retention_config,pr_auc,Confidently Correct (RR=0.2),mlp_prevyears_monthly_features_incremental_scaler_experience_replay_confidently_correct_memory_RR_0.2,mlp_prevyears_monthly_features_incremental_scaler,0.3410920711787656,0.33482624837870606,0.006265822800059551,-0.002655589508115373,0.01526153180320812,0.0059543957588005245,0.004729983031345294,2000,percentile,0.05,0.1024487756121939,0.2048975512243878,0.8695652173913043,forecast_at_retention_config:pr_auc,7,two_sided
forecast_at_retention_config,pr_auc,Uncertainty Prioritization (RR=0.4),mlp_prevyears_monthly_features_incremental_scaler_experience_replay_uncertainity_prioritization_RR_0.4,mlp_prevyears_monthly_features_incremental_scaler,0.32354986229099214,0.33482624837870606,-0.011276386087713919,-0.0197138583387727,-0.001886291802641521,-0.010905809050734981,0.004656739255608913,2000,percentile,0.05,0.9895052473763118,0.021989005497251374,0.1539230384807596,forecast_at_retention_config:pr_auc,7,two_sided
forecast_at_retention_config,pr_auc,Hard Example Mining (RR=0.5),mlp_prevyears_monthly_features_incremental_scaler_experience_replay_hard_example_mining_RR_0.5,mlp_prevyears_monthly_features_incremental_scaler,0.3250500190074022,0.33482624837870606,-0.009776229371303846,-0.02140521305332555,0.004543790026221951,-0.009131515482111349,0.006683440745536846,2000,percentile,0.05,0.9135432283858071,0.17391304347826086,0.8695652173913043,forecast_at_retention_config:pr_auc,7,two_sided
forecast_at_retention_config,pr_auc,Misclassification Buffer (RR=0.5),mlp_prevyears_monthly_features_incremental_scaler_missclassification_buffer_RR_0.5,mlp_prevyears_monthly_features_incremental_scaler,0.334583447886624,0.33482624837870606,-0.00024280049208208476,-0.013426183900030293,0.015313176393020562,-0.0003985807849670843,0.007716892104706229,2000,percentile,0.05,0.5492253873063468,0.9025487256371814,1.0,forecast_at_retention_config:pr_auc,7,two_sided
forecast_at_retention_config,pr_auc,"Combined (RR=0.5, CC/UP/PR=.2/.2/.1)","mlp_combined_HE=0_CC=0.2_UP=0.2_PR=(0.1,10)_RR=0.5",mlp_prevyears_monthly_features_incremental_scaler,0.3334916479249133,0.33482624837870606,-0.0013346004537927447,-0.012661990766441481,0.012041503821023153,-0.0012548903282019244,0.006350208090913464,2000,percentile,0.05,0.5937031484257871,0.8135932033983009,1.0,forecast_at_retention_config:pr_auc,7,two_sided
retention_at_forecast_config,f1_score,Uniform Random (RR=0.4),mlp_prevyears_monthly_features_incremental_scaler_experience_replay_RR_0.4,mlp_prevyears_monthly_features_incremental_scaler,0.42522644464066955,0.3650769403967786,0.06014950424389093,0.03636218750605557,0.07939471221083645,0.060335979838054485,0.011032274125837516,2000,percentile,0.05,0.0004997501249375312,0.0009995002498750624,0.0069965017491254375,retention_at_forecast_config:f1_score,7,two_sided
retention_at_forecast_config,f1_score,"PR Stratification (RR=0.2, PR=0.10)",mlp_prevyears_monthly_features_incremental_scaler_experience_replay_RR_0.2_PR_0.10,mlp_prevyears_monthly_features_incremental_scaler,0.42929708543687256,0.3650769403967786,0.06422014504009393,0.040291486969311195,0.08381982070032157,0.06451998705619587,0.011072706534713888,2000,percentile,0.05,0.0004997501249375312,0.0009995002498750624,0.0069965017491254375,retention_at_forecast_config:f1_score,7,two_sided
retention_at_forecast_config,f1_score,Confidently Correct (RR=0.4),mlp_prevyears_monthly_features_incremental_scaler_experience_replay_confidently_correct_memory_RR_0.4,mlp_prevyears_monthly_features_incremental_scaler,0.42744834379868574,0.3650769403967786,0.06237140340190711,0.039824358570545844,0.08281977949206797,0.06295323081271674,0.010975316697838453,2000,percentile,0.05,0.0004997501249375312,0.0009995002498750624,0.0069965017491254375,retention_at_forecast_config:f1_score,7,two_sided
retention_at_forecast_config,f1_score,Uncertainty Prioritization (RR=0.5),mlp_prevyears_monthly_features_incremental_scaler_experience_replay_uncertainity_prioritization_RR_0.5,mlp_prevyears_monthly_features_incremental_scaler,0.43774082382634943,0.3650769403967786,0.07266388342957081,0.049620511235178126,0.09226945536345534,0.07278724878590398,0.01092763155237765,2000,percentile,0.05,0.0004997501249375312,0.0009995002498750624,0.0069965017491254375,retention_at_forecast_config:f1_score,7,two_sided
retention_at_forecast_config,f1_score,Hard Example Mining (RR=0.4),mlp_prevyears_monthly_features_incremental_scaler_experience_replay_hard_example_mining_RR_0.4,mlp_prevyears_monthly_features_incremental_scaler,0.37844991166709274,0.3650769403967786,0.013372971270314116,-0.00817186474020207,0.033935365257800894,0.013745619296547157,0.010971737207189403,2000,percentile,0.05,0.11244377811094453,0.22488755622188905,0.4497751124437781,retention_at_forecast_config:f1_score,7,two_sided
retention_at_forecast_config,f1_score,Misclassification Buffer (RR=0.4),mlp_prevyears_monthly_features_incremental_scaler_missclassification_buffer_RR_0.4,mlp_prevyears_monthly_features_incremental_scaler,0.3721697044538854,0.3650769403967786,0.007092764057106793,-0.01402670452695213,0.027055664501097018,0.007620403115604205,0.01072720065824416,2000,percentile,0.05,0.2448775612193903,0.4897551224387806,0.4897551224387806,retention_at_forecast_config:f1_score,7,two_sided
retention_at_forecast_config,f1_score,"Combined (RR=0.5, HE/CC/UP/PR=.1/.1/.1/.2)","mlp_combined_HE=0.1_CC=0.1_UP=0.1_PR=(0.2,10)_RR=0.5",mlp_prevyears_monthly_features_incremental_scaler,0.3990040897214106,0.3650769403967786,0.03392714932463198,0.014327966766085432,0.053849788445053746,0.0344464636517811,0.010246042050558008,2000,percentile,0.05,0.0004997501249375312,0.0009995002498750624,0.0069965017491254375,retention_at_forecast_config:f1_score,7,two_sided
retention_at_forecast_config,pr_auc,Uniform Random (RR=0.4),mlp_prevyears_monthly_features_incremental_scaler_experience_replay_RR_0.4,mlp_prevyears_monthly_features_incremental_scaler,0.3954063751478243,0.3160892970870635,0.07931707806076077,0.06199895446657743,0.09418325180251368,0.07880860498944296,0.008301092373632359,2000,percentile,0.05,0.0004997501249375312,0.0009995002498750624,0.0069965017491254375,retention_at_forecast_config:pr_auc,7,two_sided
retention_at_forecast_config,pr_auc,"PR Stratification (RR=0.2, PR=0.10)",mlp_prevyears_monthly_features_incremental_scaler_experience_replay_RR_0.2_PR_0.10,mlp_prevyears_monthly_features_incremental_scaler,0.3960166400723368,0.3160892970870635,0.07992734298527326,0.0618212993224337,0.0959119348098463,0.07987168552752166,0.008775339342068852,2000,percentile,0.05,0.0004997501249375312,0.0009995002498750624,0.0069965017491254375,retention_at_forecast_config:pr_auc,7,two_sided
retention_at_forecast_config,pr_auc,Confidently Correct (RR=0.4),mlp_prevyears_monthly_features_incremental_scaler_experience_replay_confidently_correct_memory_RR_0.4,mlp_prevyears_monthly_features_incremental_scaler,0.39758315504345876,0.3160892970870635,0.08149385795639524,0.0647649073471833,0.09703003038716693,0.08121533913471089,0.00837524912803112,2000,percentile,0.05,0.0004997501249375312,0.0009995002498750624,0.0069965017491254375,retention_at_forecast_config:pr_auc,7,two_sided
retention_at_forecast_config,pr_auc,Uncertainty Prioritization (RR=0.5),mlp_prevyears_monthly_features_incremental_scaler_experience_replay_uncertainity_prioritization_RR_0.5,mlp_prevyears_monthly_features_incremental_scaler,0.40308329119457037,0.3160892970870635,0.08699399410750686,0.06928449428163719,0.10241164319300533,0.08656864851293535,0.008588333218395005,2000,percentile,0.05,0.0004997501249375312,0.0009995002498750624,0.0069965017491254375,retention_at_forecast_config:pr_auc,7,two_sided
retention_at_forecast_config,pr_auc,Hard Example Mining (RR=0.4),mlp_prevyears_monthly_features_incremental_scaler_experience_replay_hard_example_mining_RR_0.4,mlp_prevyears_monthly_features_incremental_scaler,0.3380178166136381,0.3160892970870635,0.021928519526574597,0.002328308898389883,0.04089380798205394,0.021860131429639308,0.009972741109774093,2000,percentile,0.05,0.013993003498250875,0.02798600699650175,0.02798600699650175,retention_at_forecast_config:pr_auc,7,two_sided
retention_at_forecast_config,pr_auc,Misclassification Buffer (RR=0.4),mlp_prevyears_monthly_features_incremental_scaler_missclassification_buffer_RR_0.4,mlp_prevyears_monthly_features_incremental_scaler,0.34380349102415964,0.3160892970870635,0.02771419393709612,0.01046909202996364,0.04457650940154906,0.027601413789092838,0.008819567725565351,2000,percentile,0.05,0.0014992503748125937,0.0029985007496251873,0.0069965017491254375,retention_at_forecast_config:pr_auc,7,two_sided
retention_at_forecast_config,pr_auc,"Combined (RR=0.5, HE/CC/UP/PR=.1/.1/.1/.2)","mlp_combined_HE=0.1_CC=0.1_UP=0.1_PR=(0.2,10)_RR=0.5",mlp_prevyears_monthly_features_incremental_scaler,0.3693153235295405,0.3160892970870635,0.05322602644247698,0.0357091883784411,0.07005526780211989,0.05294806394989842,0.00895273259550654,2000,percentile,0.05,0.0004997501249375312,0.0009995002498750624,0.0069965017491254375,retention_at_forecast_config:pr_auc,7,two_sided
