slice,metric,contrast,group_a,group_b,claim,a_point_estimate,b_point_estimate,point_estimate,se_diff,critical_value_maxt,sim_ci_lower,sim_ci_upper,sim_significant,p_value_maxt,n_contrasts_in_family
forecast_mean,f1_score,C1_replay_vs_none,G1_uncurated,G0_no_replay,Replaying history helps before any curation is applied,0.3838924848396529,0.3775675917253164,0.006324893114336483,0.007114688230635165,2.3606171728232876,-0.01047016210218462,0.023119948330857586,False,0.8140929535232384,5
forecast_mean,f1_score,C2_curation_vs_random,G2_curated_non_error,G1_uncurated,Curating the buffer adds over drawing from it at random,0.3872233431610461,0.3838924848396529,0.0033308583213932375,0.002262804786320759,2.3606171728232876,-0.002010757515942277,0.008672474158728752,False,0.44377811094452774,5
forecast_mean,f1_score,C3_non_error_vs_error,G2_curated_non_error,G3_error_driven,Error-driven selection underperforms other curation (noise amplification),0.3872233431610461,0.3633031995539539,0.023920143607092215,0.006456518527566551,2.3606171728232876,0.008678775094266887,0.039161512119917544,True,0.0004997501249375312,5
forecast_mean,f1_score,C4_blend_vs_single,G4_multi_criterion,G2_curated_non_error,Blending criteria beats committing to one,0.38536096686151317,0.3872233431610461,-0.001862376299532953,0.005602280514617658,2.3606171728232876,-0.015087215889312682,0.011362463290246776,False,0.991504247876062,5
forecast_mean,f1_score,C5_error_driven_vs_none,G3_error_driven,G0_no_replay,Error-driven replay is better than not replaying at all,0.3633031995539539,0.3775675917253164,-0.014264392171362494,0.005106100730080963,2.3606171728232876,-0.02631794124095714,-0.0022108431017678464,True,0.013993003498250875,5
forecast_mean,pr_auc,C1_replay_vs_none,G1_uncurated,G0_no_replay,Replaying history helps before any curation is applied,0.3465892564839591,0.33482624837870606,0.011763008105253048,0.008212681451226373,2.4568324494569147,-0.008414174181172813,0.031940190391678905,False,0.46276861569215394,5
forecast_mean,pr_auc,C2_curation_vs_random,G2_curated_non_error,G1_uncurated,Curating the buffer adds over drawing from it at random,0.3489006606214244,0.3465892564839591,0.0023114041374652783,0.002921474271704933,2.4568324494569147,-0.004866168653512908,0.009488976928443464,False,0.8830584707646177,5
forecast_mean,pr_auc,C3_non_error_vs_error,G2_curated_non_error,G3_error_driven,Error-driven selection underperforms other curation (noise amplification),0.3489006606214244,0.32416200067509526,0.024738659946329122,0.006187541413460424,2.4568324494569147,0.009536907419381048,0.0399404124732772,True,0.0004997501249375312,5
forecast_mean,pr_auc,C4_blend_vs_single,G4_multi_criterion,G2_curated_non_error,Blending criteria beats committing to one,0.34460348058070167,0.3489006606214244,-0.0042971800407227145,0.0030422119482327865,2.4568324494569147,-0.011771385073266565,0.0031770249918211353,False,0.47926036981509246,5
forecast_mean,pr_auc,C5_error_driven_vs_none,G3_error_driven,G0_no_replay,Error-driven replay is better than not replaying at all,0.32416200067509526,0.33482624837870606,-0.010664247703610796,0.006460086033957091,2.4568324494569147,-0.02653559669812,0.005207101290898408,False,0.31384307846076964,5
retention_mean,f1_score,C1_replay_vs_none,G1_uncurated,G0_no_replay,Replaying history helps before any curation is applied,0.42798746147734873,0.3650769403967786,0.0629105210805701,0.011289062228424783,2.4381195583872204,0.03538643766559722,0.09043460449554298,True,0.0004997501249375312,5
retention_mean,f1_score,C2_curation_vs_random,G2_curated_non_error,G1_uncurated,Curating the buffer adds over drawing from it at random,0.43561851612781166,0.42798746147734873,0.007631054650462932,0.004543369736056306,2.4381195583872204,-0.003446223964000532,0.018708333264926394,False,0.33033483258370816,5
retention_mean,f1_score,C3_non_error_vs_error,G2_curated_non_error,G3_error_driven,Error-driven selection underperforms other curation (noise amplification),0.43561851612781166,0.3924828285870634,0.04313568754074826,0.004091530539700323,2.4381195583872204,0.03316004690816628,0.05311132817333024,True,0.0004997501249375312,5
retention_mean,f1_score,C4_blend_vs_single,G4_multi_criterion,G2_curated_non_error,Blending criteria beats committing to one,0.4253405832373421,0.43561851612781166,-0.010277932890469577,0.0027233860959789773,2.4381195583872204,-0.016917873796115736,-0.0036379919848234165,True,0.001999000499750125,5
retention_mean,f1_score,C5_error_driven_vs_none,G3_error_driven,G0_no_replay,Error-driven replay is better than not replaying at all,0.3924828285870634,0.3650769403967786,0.027405888190284777,0.011663043327855477,2.4381195583872204,-0.0010300058576772353,0.05584178223824679,False,0.06496751624187906,5
retention_mean,pr_auc,C1_replay_vs_none,G1_uncurated,G0_no_replay,Replaying history helps before any curation is applied,0.3956088160716454,0.3160892970870635,0.07951951898458187,0.008663370164078489,2.4074403956635804,0.0586629716889927,0.10037606628017104,True,0.0004997501249375312,5
retention_mean,pr_auc,C2_curation_vs_random,G2_curated_non_error,G1_uncurated,Curating the buffer adds over drawing from it at random,0.40342885482139895,0.3956088160716454,0.007820038749753566,0.004697761902663895,2.4074403956635804,-0.003489543023928895,0.019129620523436027,False,0.34182908545727136,5
retention_mean,pr_auc,C3_non_error_vs_error,G2_curated_non_error,G3_error_driven,Error-driven selection underperforms other curation (noise amplification),0.40342885482139895,0.35387416821186035,0.0495546866095386,0.004306338125952683,2.4074403956635804,0.03918743424773391,0.05992193897134329,True,0.0004997501249375312,5
retention_mean,pr_auc,C4_blend_vs_single,G4_multi_criterion,G2_curated_non_error,Blending criteria beats committing to one,0.39199674740210416,0.40342885482139895,-0.01143210741929479,0.0031324835432131296,2.4074403956635804,-0.01897337483997746,-0.0038908399986121193,True,0.0004997501249375312,5
retention_mean,pr_auc,C5_error_driven_vs_none,G3_error_driven,G0_no_replay,Error-driven replay is better than not replaying at all,0.35387416821186035,0.3160892970870635,0.03778487112479684,0.009764666092961977,2.4074403956635804,0.01427701952243371,0.061292722727159965,True,0.0004997501249375312,5
retention_2017,f1_score,C1_replay_vs_none,G1_uncurated,G0_no_replay,Replaying history helps before any curation is applied,0.2565712644778405,0.15056119653981884,0.10601006793802167,0.01592406799172747,2.5164100414876467,0.06593858334230665,0.1460815525337367,True,0.0004997501249375312,5
retention_2017,f1_score,C2_curation_vs_random,G2_curated_non_error,G1_uncurated,Curating the buffer adds over drawing from it at random,0.2542042752708626,0.2565712644778405,-0.002366989206977921,0.006609684420597148,2.5164100414876467,-0.01899966545403304,0.014265687040077198,False,0.992503748125937,5
retention_2017,f1_score,C3_non_error_vs_error,G2_curated_non_error,G3_error_driven,Error-driven selection underperforms other curation (noise amplification),0.2542042752708626,0.14073582068674334,0.11346845458411925,0.012484261744398265,2.5164100414876467,0.08205293296995536,0.14488397619828314,True,0.0004997501249375312,5
retention_2017,f1_score,C4_blend_vs_single,G4_multi_criterion,G2_curated_non_error,Blending criteria beats committing to one,0.2333047785764833,0.2542042752708626,-0.020899496694379294,0.008114077841556575,2.5164100414876467,-0.04131784365228467,-0.00048114973647391673,True,0.04147926036981509,5
retention_2017,f1_score,C5_error_driven_vs_none,G3_error_driven,G0_no_replay,Error-driven replay is better than not replaying at all,0.14073582068674334,0.15056119653981884,-0.009825375853075496,0.01054162504288745,2.5164100414876467,-0.03635242696459512,0.016701675258444126,False,0.8055972013993004,5
retention_2017,pr_auc,C1_replay_vs_none,G1_uncurated,G0_no_replay,Replaying history helps before any curation is applied,0.18893033840971665,0.07896067025629736,0.1099696681534193,0.016870582180455423,2.5654235873065763,0.06668947869608494,0.15324985761075366,True,0.0004997501249375312,5
retention_2017,pr_auc,C2_curation_vs_random,G2_curated_non_error,G1_uncurated,Curating the buffer adds over drawing from it at random,0.19044386765571553,0.18893033840971665,0.0015135292459988736,0.006089279657871286,2.5654235873065763,-0.014108052418010242,0.017135110910007988,False,0.9970014992503748,5
retention_2017,pr_auc,C3_non_error_vs_error,G2_curated_non_error,G3_error_driven,Error-driven selection underperforms other curation (noise amplification),0.19044386765571553,0.08508110838932377,0.10536275926639176,0.01295402034845259,2.5654235873065763,0.07213020991402214,0.13859530861876138,True,0.0004997501249375312,5
retention_2017,pr_auc,C4_blend_vs_single,G4_multi_criterion,G2_curated_non_error,Blending criteria beats committing to one,0.15953775709946932,0.19044386765571553,-0.030906110556246202,0.009640058767936537,2.5654235873065763,-0.055636944702532165,-0.006175276409960236,True,0.009995002498750625,5
retention_2017,pr_auc,C5_error_driven_vs_none,G3_error_driven,G0_no_replay,Error-driven replay is better than not replaying at all,0.08508110838932377,0.07896067025629736,0.006120438133026415,0.007844278470473533,2.5654235873065763,-0.01400345888052754,0.02624433514658037,False,0.8835582208895553,5
forecast_at_retention_config,f1_score,C1_replay_vs_none,G1_uncurated,G0_no_replay,Replaying history helps before any curation is applied,0.3822746803778776,0.3775675917253164,0.004707088652561198,0.006055158211633166,2.492610171847597,-0.010386060297902136,0.01980023760302453,False,0.9045477261369316,5
forecast_at_retention_config,f1_score,C2_curation_vs_random,G2_curated_non_error,G1_uncurated,Curating the buffer adds over drawing from it at random,0.37441911152126606,0.3822746803778776,-0.007855568856611539,0.005074806762216298,2.492610171847597,-0.020505083812272853,0.004793946099049776,False,0.4177911044477761,5
forecast_at_retention_config,f1_score,C3_non_error_vs_error,G2_curated_non_error,G3_error_driven,Error-driven selection underperforms other curation (noise amplification),0.37441911152126606,0.363413251078617,0.011005860442649062,0.00193017886882703,2.492610171847597,0.006194676960725519,0.015817043924572605,True,0.0004997501249375312,5
forecast_at_retention_config,f1_score,C4_blend_vs_single,G4_multi_criterion,G2_curated_non_error,Blending criteria beats committing to one,0.3729839169656073,0.37441911152126606,-0.0014351945556587697,0.002581619113829296,2.492610171847597,-0.007870164618625853,0.004999775507308313,False,0.9715142428785607,5
forecast_at_retention_config,f1_score,C5_error_driven_vs_none,G3_error_driven,G0_no_replay,Error-driven replay is better than not replaying at all,0.363413251078617,0.3775675917253164,-0.014154340646699404,0.004806486399399614,2.492610171847597,-0.02613503753669001,-0.002173643756708794,True,0.01249375312343828,5
forecast_at_retention_config,pr_auc,C1_replay_vs_none,G1_uncurated,G0_no_replay,Replaying history helps before any curation is applied,0.34529893642454035,0.33482624837870606,0.010472688045834289,0.0055531560497068064,2.5001834940285437,-0.00341122104940742,0.024356597141076,False,0.2098950524737631,5
forecast_at_retention_config,pr_auc,C2_curation_vs_random,G2_curated_non_error,G1_uncurated,Curating the buffer adds over drawing from it at random,0.33656073982189844,0.34529893642454035,-0.008738196602641912,0.0041168293737612795,2.5001834940285437,-0.01903102545065173,0.001554632245367905,False,0.12543728135932034,5
forecast_at_retention_config,pr_auc,C3_non_error_vs_error,G2_curated_non_error,G3_error_driven,Error-driven selection underperforms other curation (noise amplification),0.33656073982189844,0.32306978550865784,0.0134909543132406,0.0030363683334288885,2.5001834940285437,0.005899476324210735,0.021082432302270464,True,0.0004997501249375312,5
forecast_at_retention_config,pr_auc,C4_blend_vs_single,G4_multi_criterion,G2_curated_non_error,Blending criteria beats committing to one,0.3334916479249133,0.33656073982189844,-0.003069091896985121,0.003924902145733205,2.5001834940285437,-0.012882067457424495,0.0067438836634542525,False,0.881559220389805,5
forecast_at_retention_config,pr_auc,C5_error_driven_vs_none,G3_error_driven,G0_no_replay,Error-driven replay is better than not replaying at all,0.32306978550865784,0.33482624837870606,-0.011756462870048223,0.006650224149057578,2.5001834940285437,-0.028383243519111995,0.004870317779015549,False,0.2658670664667666,5
retention_at_forecast_config,f1_score,C1_replay_vs_none,G1_uncurated,G0_no_replay,Replaying history helps before any curation is applied,0.42522644464066955,0.3650769403967786,0.06014950424389093,0.011032274125837505,2.5244792104436984,0.03229875756929822,0.08800025091848364,True,0.0004997501249375312,5
retention_at_forecast_config,f1_score,C2_curation_vs_random,G2_curated_non_error,G1_uncurated,Curating the buffer adds over drawing from it at random,0.43149541768730254,0.42522644464066955,0.006268973046632986,0.0025587423895980337,2.5244792104436984,-0.0001905189207882796,0.012728465014054252,False,0.06096951524237881,5
retention_at_forecast_config,f1_score,C3_non_error_vs_error,G2_curated_non_error,G3_error_driven,Error-driven selection underperforms other curation (noise amplification),0.43149541768730254,0.3843931822959169,0.04710223539138564,0.004294465782353772,2.5244792104436984,0.03626094580387171,0.05794352497889957,True,0.0004997501249375312,5
retention_at_forecast_config,f1_score,C4_blend_vs_single,G4_multi_criterion,G2_curated_non_error,Blending criteria beats committing to one,0.3990040897214106,0.43149541768730254,-0.032491327965891936,0.0051186851894790076,2.5244792104436984,-0.045413342311537756,-0.019569313620246116,True,0.0004997501249375312,5
retention_at_forecast_config,f1_score,C5_error_driven_vs_none,G3_error_driven,G0_no_replay,Error-driven replay is better than not replaying at all,0.3843931822959169,0.3650769403967786,0.019316241899138276,0.011155856375487098,2.5244792104436984,-0.008846485595474695,0.04747896939375125,False,0.2898550724637681,5
retention_at_forecast_config,pr_auc,C1_replay_vs_none,G1_uncurated,G0_no_replay,Replaying history helps before any curation is applied,0.3954063751478243,0.3160892970870635,0.07931707806076077,0.008301092373632359,2.4882013881615817,0.05866228849343122,0.09997186762809032,True,0.0004997501249375312,5
retention_at_forecast_config,pr_auc,C2_curation_vs_random,G2_curated_non_error,G1_uncurated,Curating the buffer adds over drawing from it at random,0.3988943621034553,0.3954063751478243,0.0034879869556310172,0.002447407136857561,2.4882013881615817,-0.0026016548796945274,0.009577628790956562,False,0.49025487256371814,5
retention_at_forecast_config,pr_auc,C3_non_error_vs_error,G2_curated_non_error,G3_error_driven,Error-driven selection underperforms other curation (noise amplification),0.3988943621034553,0.3465484975100935,0.052345864593361824,0.004673815944341289,2.4882013881615817,0.040716469272640096,0.06397525991408355,True,0.0004997501249375312,5
retention_at_forecast_config,pr_auc,C4_blend_vs_single,G4_multi_criterion,G2_curated_non_error,Blending criteria beats committing to one,0.3693153235295405,0.3988943621034553,-0.029579038573914807,0.005159667488502249,2.4882013881615817,-0.042417330381258285,-0.016740746766571328,True,0.0004997501249375312,5
retention_at_forecast_config,pr_auc,C5_error_driven_vs_none,G3_error_driven,G0_no_replay,Error-driven replay is better than not replaying at all,0.3465484975100935,0.3160892970870635,0.030459200423029964,0.009720254194601192,2.4882013881615817,0.006273250442739842,0.05464515040332009,True,0.010494752623688156,5
