slice,metric,group,n_members,members,point_estimate,ci_lower,ci_upper,bootstrap_mean,bootstrap_std,n_bootstrap,ci_alpha
forecast_mean,f1_score,G0_no_replay,1,Baseline (No Replay),0.3775675917253164,0.34088938424047904,0.40688057738224276,0.3752447930219666,0.016821466208281947,2000,0.05
forecast_mean,f1_score,G1_uncurated,1,Uniform Random (RR=0.4),0.3838924848396529,0.3450355636751297,0.41452344072516684,0.3810225698643184,0.017853953928603245,2000,0.05
forecast_mean,f1_score,G2_curated_non_error,3,"Confidently Correct (RR=0.4); PR Stratification (RR=0.2, PR=0.10); Uncertainty Prioritization (RR=0.5)",0.3872233431610461,0.3490767275201964,0.4168125696159575,0.3844342552584901,0.017461784519617756,2000,0.05
forecast_mean,f1_score,G3_error_driven,2,Hard Example Mining (RR=0.4); Misclassification Buffer (RR=0.4),0.3753616203068988,0.33745647854490235,0.40426762510995623,0.37278452708945203,0.017237465652187502,2000,0.05
forecast_mean,f1_score,G4_multi_criterion,1,"Combined (RR=0.5, HE/CC/UP/PR=.1/.1/.1/.2)",0.38536096686151317,0.3433531675237494,0.417821603288592,0.38190221153597265,0.019345248498082154,2000,0.05
forecast_mean,pr_auc,G0_no_replay,1,Baseline (No Replay),0.33482624837870606,0.2912544193496678,0.37298535736507693,0.3333108308372856,0.020797132585125666,2000,0.05
forecast_mean,pr_auc,G1_uncurated,1,Uniform Random (RR=0.4),0.3465892564839591,0.3010663836918764,0.3873542502752505,0.3444134453091822,0.022365017747216092,2000,0.05
forecast_mean,pr_auc,G2_curated_non_error,3,"Confidently Correct (RR=0.4); PR Stratification (RR=0.2, PR=0.10); Uncertainty Prioritization (RR=0.5)",0.3489006606214244,0.3045349660285715,0.3890799174085183,0.3470085150777379,0.021946106663090156,2000,0.05
forecast_mean,pr_auc,G3_error_driven,2,Hard Example Mining (RR=0.4); Misclassification Buffer (RR=0.4),0.3363982719535113,0.2919153806992744,0.3747896652269541,0.33452636023232224,0.02137290447116599,2000,0.05
forecast_mean,pr_auc,G4_multi_criterion,1,"Combined (RR=0.5, HE/CC/UP/PR=.1/.1/.1/.2)",0.34460348058070167,0.29833694737141403,0.38546744707083463,0.3422207766785067,0.022771089142608694,2000,0.05
retention_mean,f1_score,G0_no_replay,1,Baseline (No Replay),0.3650769403967786,0.3255601265260711,0.3935281852468504,0.3608350526529121,0.017330130496106058,2000,0.05
retention_mean,f1_score,G1_uncurated,1,Uniform Random (RR=0.5),0.42798746147734873,0.39108788417667695,0.4565607102915969,0.424450253859339,0.017232828206533397,2000,0.05
retention_mean,f1_score,G2_curated_non_error,3,"Confidently Correct (RR=0.2); PR Stratification (RR=0.4, PR=0.15); Uncertainty Prioritization (RR=0.4)",0.43561851612781166,0.39488143699010236,0.46795901147152585,0.4314483827521872,0.019116210174141043,2000,0.05
retention_mean,f1_score,G3_error_driven,2,Hard Example Mining (RR=0.5); Misclassification Buffer (RR=0.5),0.4080958768033285,0.3648553515706283,0.44283050862988965,0.40422602238168587,0.020182512405453257,2000,0.05
retention_mean,f1_score,G4_multi_criterion,1,"Combined (RR=0.5, CC/UP/PR=.2/.2/.1)",0.4253405832373421,0.3843892549987905,0.4570156901336191,0.4210679731035352,0.019217811350119247,2000,0.05
retention_mean,pr_auc,G0_no_replay,1,Baseline (No Replay),0.3160892970870635,0.2749410610431225,0.3506827723283733,0.3129278433845715,0.019387918708154178,2000,0.05
retention_mean,pr_auc,G1_uncurated,1,Uniform Random (RR=0.5),0.3956088160716454,0.35350575371217713,0.4313199443399589,0.39265493233641646,0.020102553145007127,2000,0.05
retention_mean,pr_auc,G2_curated_non_error,3,"Confidently Correct (RR=0.2); PR Stratification (RR=0.4, PR=0.15); Uncertainty Prioritization (RR=0.4)",0.40342885482139895,0.3559745509609001,0.44356422939890194,0.3995836043069058,0.02246674567155706,2000,0.05
retention_mean,pr_auc,G3_error_driven,2,Hard Example Mining (RR=0.5); Misclassification Buffer (RR=0.5),0.37151001179114607,0.325620510414912,0.41128289769659176,0.3682296259375862,0.022300818537856627,2000,0.05
retention_mean,pr_auc,G4_multi_criterion,1,"Combined (RR=0.5, CC/UP/PR=.2/.2/.1)",0.39199674740210416,0.3455589156586646,0.43046441280796055,0.3881757246905236,0.022203112905677495,2000,0.05
retention_2017,f1_score,G0_no_replay,1,Baseline (No Replay),0.15056119653981884,0.11659417188022858,0.18262249951937634,0.14968972216811677,0.017223506901985878,2000,0.05
retention_2017,f1_score,G1_uncurated,1,Uniform Random (RR=0.5),0.2565712644778405,0.21329896666753,0.29460863393826864,0.25563086508601507,0.020866696596851354,2000,0.05
retention_2017,f1_score,G2_curated_non_error,3,"Confidently Correct (RR=0.2); PR Stratification (RR=0.4, PR=0.15); Uncertainty Prioritization (RR=0.4)",0.2542042752708626,0.21147668536773512,0.2935226847994674,0.2533614493842915,0.020590514893848333,2000,0.05
retention_2017,f1_score,G3_error_driven,2,Hard Example Mining (RR=0.5); Misclassification Buffer (RR=0.5),0.1995902062681028,0.16361522053838173,0.23593152286374847,0.19898794153278385,0.018268365092367036,2000,0.05
retention_2017,f1_score,G4_multi_criterion,1,"Combined (RR=0.5, CC/UP/PR=.2/.2/.1)",0.2333047785764833,0.19534823918884703,0.27135350910628087,0.2325724337508605,0.01951913085398996,2000,0.05
retention_2017,pr_auc,G0_no_replay,1,Baseline (No Replay),0.07896067025629736,0.06023540343322063,0.10037071350544184,0.07902696836166456,0.010326829928945536,2000,0.05
retention_2017,pr_auc,G1_uncurated,1,Uniform Random (RR=0.5),0.18893033840971665,0.1473310388319304,0.23106278656632426,0.1894443530336954,0.02129252899313995,2000,0.05
retention_2017,pr_auc,G2_curated_non_error,3,"Confidently Correct (RR=0.2); PR Stratification (RR=0.4, PR=0.15); Uncertainty Prioritization (RR=0.4)",0.19044386765571553,0.1485897083691971,0.23268792399246538,0.19098676646811888,0.021089608347976754,2000,0.05
retention_2017,pr_auc,G3_error_driven,2,Hard Example Mining (RR=0.5); Misclassification Buffer (RR=0.5),0.13906226835314117,0.1069409833244312,0.17632466465492636,0.1399691881333402,0.017635395947681515,2000,0.05
retention_2017,pr_auc,G4_multi_criterion,1,"Combined (RR=0.5, CC/UP/PR=.2/.2/.1)",0.15953775709946932,0.12642053209536605,0.20002583719402528,0.16096104096506608,0.018546042056083213,2000,0.05
forecast_at_retention_config,f1_score,G0_no_replay,1,Baseline (No Replay),0.3775675917253164,0.34088938424047904,0.40688057738224276,0.3752447930219666,0.016821466208281947,2000,0.05
forecast_at_retention_config,f1_score,G1_uncurated,1,Uniform Random (RR=0.5),0.3822746803778776,0.3458219288696613,0.41162044386040025,0.37972949360249686,0.017259452510964474,2000,0.05
forecast_at_retention_config,f1_score,G2_curated_non_error,3,"Confidently Correct (RR=0.2); PR Stratification (RR=0.4, PR=0.15); Uncertainty Prioritization (RR=0.4)",0.37441911152126606,0.3376009678766725,0.40350959547540693,0.3720868997524393,0.016850076586757485,2000,0.05
forecast_at_retention_config,f1_score,G3_error_driven,2,Hard Example Mining (RR=0.5); Misclassification Buffer (RR=0.5),0.36883213497146566,0.3316911657168809,0.3979143693466692,0.3664521797849793,0.016847695048837347,2000,0.05
forecast_at_retention_config,f1_score,G4_multi_criterion,1,"Combined (RR=0.5, CC/UP/PR=.2/.2/.1)",0.3729839169656073,0.335740931621161,0.40215321772362017,0.37065368613695626,0.01695081770529805,2000,0.05
forecast_at_retention_config,pr_auc,G0_no_replay,1,Baseline (No Replay),0.33482624837870606,0.2912544193496678,0.37298535736507693,0.3333108308372856,0.020797132585125666,2000,0.05
forecast_at_retention_config,pr_auc,G1_uncurated,1,Uniform Random (RR=0.5),0.34529893642454035,0.30043075817656606,0.38389153828411454,0.34330276906583845,0.021530951245486252,2000,0.05
forecast_at_retention_config,pr_auc,G2_curated_non_error,3,"Confidently Correct (RR=0.2); PR Stratification (RR=0.4, PR=0.15); Uncertainty Prioritization (RR=0.4)",0.33656073982189844,0.29370077741265455,0.37496155418079247,0.33505726302649486,0.02094426606944893,2000,0.05
forecast_at_retention_config,pr_auc,G3_error_driven,2,Hard Example Mining (RR=0.5); Misclassification Buffer (RR=0.5),0.3298167334470131,0.2881388688189633,0.3689266791768976,0.3285457827037463,0.020861209286877947,2000,0.05
forecast_at_retention_config,pr_auc,G4_multi_criterion,1,"Combined (RR=0.5, CC/UP/PR=.2/.2/.1)",0.3334916479249133,0.2908466611370966,0.3718713354468782,0.3320559405090836,0.020922513050467138,2000,0.05
retention_at_forecast_config,f1_score,G0_no_replay,1,Baseline (No Replay),0.3650769403967786,0.3255601265260711,0.3935281852468504,0.3608350526529121,0.017330130496106058,2000,0.05
retention_at_forecast_config,f1_score,G1_uncurated,1,Uniform Random (RR=0.4),0.42522644464066955,0.38505308663306403,0.4559145127367553,0.4211710324909666,0.0186572318984739,2000,0.05
retention_at_forecast_config,f1_score,G2_curated_non_error,3,"Confidently Correct (RR=0.4); PR Stratification (RR=0.2, PR=0.10); Uncertainty Prioritization (RR=0.5)",0.43149541768730254,0.39264250535957024,0.4617449606602824,0.427588541537851,0.018115540063715536,2000,0.05
retention_at_forecast_config,f1_score,G3_error_driven,2,Hard Example Mining (RR=0.4); Misclassification Buffer (RR=0.4),0.3753098080604891,0.33576352128868475,0.4062904807831227,0.3715180638589878,0.01842135035611222,2000,0.05
retention_at_forecast_config,f1_score,G4_multi_criterion,1,"Combined (RR=0.5, HE/CC/UP/PR=.1/.1/.1/.2)",0.3990040897214106,0.359226762384877,0.42937600921413194,0.39528151630469316,0.018176438338786155,2000,0.05
retention_at_forecast_config,pr_auc,G0_no_replay,1,Baseline (No Replay),0.3160892970870635,0.2749410610431225,0.3506827723283733,0.3129278433845715,0.019387918708154178,2000,0.05
retention_at_forecast_config,pr_auc,G1_uncurated,1,Uniform Random (RR=0.4),0.3954063751478243,0.35026009960079857,0.43292358238355966,0.39173644837401445,0.021520006488146913,2000,0.05
retention_at_forecast_config,pr_auc,G2_curated_non_error,3,"Confidently Correct (RR=0.4); PR Stratification (RR=0.2, PR=0.10); Uncertainty Prioritization (RR=0.5)",0.3988943621034553,0.3538439599324507,0.4367522294001398,0.3954797344429608,0.021368527797435175,2000,0.05
retention_at_forecast_config,pr_auc,G3_error_driven,2,Hard Example Mining (RR=0.4); Misclassification Buffer (RR=0.4),0.34091065381889885,0.29651912487352944,0.3797784894707823,0.3376586159939376,0.021502852634516952,2000,0.05
retention_at_forecast_config,pr_auc,G4_multi_criterion,1,"Combined (RR=0.5, HE/CC/UP/PR=.1/.1/.1/.2)",0.3693153235295405,0.3239284459847102,0.40682613910908194,0.36587590733446995,0.02165122024823474,2000,0.05
