slice,row_label,family_id,metric,n_years_averaged,point_estimate,ci_lower,ci_upper,bootstrap_mean,bootstrap_std,n_bootstrap,ci_method,ci_alpha
forecast_mean,Baseline (No Replay),mlp_prevyears_monthly_features_incremental_scaler,f1_score,5,0.3775675917253164,0.34088938424047904,0.40688057738224276,0.3752447930219666,0.016821466208281947,2000,percentile,0.05
forecast_mean,Uniform Random (RR=0.4),mlp_prevyears_monthly_features_incremental_scaler_experience_replay_RR_0.4,f1_score,5,0.3838924848396529,0.3450355636751297,0.41452344072516684,0.3810225698643184,0.017853953928603245,2000,percentile,0.05
forecast_mean,"PR Stratification (RR=0.2, PR=0.10)",mlp_prevyears_monthly_features_incremental_scaler_experience_replay_RR_0.2_PR_0.10,f1_score,5,0.3882558930134768,0.3517569044503489,0.4166962313011687,0.38567846062120376,0.01686821222331812,2000,percentile,0.05
forecast_mean,Confidently Correct (RR=0.4),mlp_prevyears_monthly_features_incremental_scaler_experience_replay_confidently_correct_memory_RR_0.4,f1_score,5,0.38931408884513946,0.34984645390546315,0.4200948592517021,0.3861765630810497,0.01807227699229051,2000,percentile,0.05
forecast_mean,Uncertainty Prioritization (RR=0.5),mlp_prevyears_monthly_features_incremental_scaler_experience_replay_uncertainity_prioritization_RR_0.5,f1_score,5,0.3841000476245221,0.3450514562156165,0.4157534175043886,0.3814477420732169,0.01805589998037865,2000,percentile,0.05
forecast_mean,Hard Example Mining (RR=0.4),mlp_prevyears_monthly_features_incremental_scaler_experience_replay_hard_example_mining_RR_0.4,f1_score,5,0.36859814968865834,0.3311836164360973,0.3979797461323709,0.36616487440458423,0.017129242783112578,2000,percentile,0.05
forecast_mean,Misclassification Buffer (RR=0.4),mlp_prevyears_monthly_features_incremental_scaler_missclassification_buffer_RR_0.4,f1_score,5,0.3821250909251393,0.3441466107387332,0.4116465406981476,0.3794041797743198,0.01768803760769072,2000,percentile,0.05
forecast_mean,"Combined (RR=0.5, HE/CC/UP/PR=.1/.1/.1/.2)","mlp_combined_HE=0.1_CC=0.1_UP=0.1_PR=(0.2,10)_RR=0.5",f1_score,5,0.38536096686151317,0.3433531675237494,0.417821603288592,0.38190221153597265,0.019345248498082154,2000,percentile,0.05
forecast_mean,Baseline (No Replay),mlp_prevyears_monthly_features_incremental_scaler,pr_auc,5,0.33482624837870606,0.2912544193496678,0.37298535736507693,0.3333108308372856,0.020797132585125666,2000,percentile,0.05
forecast_mean,Uniform Random (RR=0.4),mlp_prevyears_monthly_features_incremental_scaler_experience_replay_RR_0.4,pr_auc,5,0.3465892564839591,0.3010663836918764,0.3873542502752505,0.3444134453091822,0.022365017747216092,2000,percentile,0.05
forecast_mean,"PR Stratification (RR=0.2, PR=0.10)",mlp_prevyears_monthly_features_incremental_scaler_experience_replay_RR_0.2_PR_0.10,pr_auc,5,0.3500338850670027,0.3053706482826025,0.3886559227880816,0.34816055742847085,0.021376521130144457,2000,percentile,0.05
forecast_mean,Confidently Correct (RR=0.4),mlp_prevyears_monthly_features_incremental_scaler_experience_replay_confidently_correct_memory_RR_0.4,pr_auc,5,0.3511415690626449,0.3057101171083459,0.3925331633797824,0.3490472435088952,0.022557388141376825,2000,percentile,0.05
forecast_mean,Uncertainty Prioritization (RR=0.5),mlp_prevyears_monthly_features_incremental_scaler_experience_replay_uncertainity_prioritization_RR_0.5,pr_auc,5,0.3455265277346256,0.30053797033020996,0.38635113928865156,0.34381774429584766,0.02221425903081074,2000,percentile,0.05
forecast_mean,Hard Example Mining (RR=0.4),mlp_prevyears_monthly_features_incremental_scaler_experience_replay_hard_example_mining_RR_0.4,pr_auc,5,0.3272344493402772,0.2832036933389393,0.36581203409761626,0.3253190764882743,0.021412485996835342,2000,percentile,0.05
forecast_mean,Misclassification Buffer (RR=0.4),mlp_prevyears_monthly_features_incremental_scaler_missclassification_buffer_RR_0.4,pr_auc,5,0.3455620945667454,0.302022634567901,0.3843634491183539,0.3437336439763701,0.021593356761313097,2000,percentile,0.05
forecast_mean,"Combined (RR=0.5, HE/CC/UP/PR=.1/.1/.1/.2)","mlp_combined_HE=0.1_CC=0.1_UP=0.1_PR=(0.2,10)_RR=0.5",pr_auc,5,0.34460348058070167,0.29833694737141403,0.38546744707083463,0.3422207766785067,0.022771089142608694,2000,percentile,0.05
retention_mean,Baseline (No Replay),mlp_prevyears_monthly_features_incremental_scaler,f1_score,6,0.3650769403967786,0.3255601265260711,0.3935281852468504,0.3608350526529121,0.017330130496106058,2000,percentile,0.05
retention_mean,Uniform Random (RR=0.5),mlp_prevyears_monthly_features_incremental_scaler_experience_replay_RR_0.5,f1_score,6,0.42798746147734873,0.39108788417667695,0.4565607102915969,0.424450253859339,0.017232828206533397,2000,percentile,0.05
retention_mean,"PR Stratification (RR=0.4, PR=0.15)",mlp_prevyears_monthly_features_incremental_scaler_experience_replay_RR_0.4_PR_0.15,f1_score,6,0.4330296679257861,0.392511072359905,0.46455524617917054,0.429064486715879,0.018845312760013833,2000,percentile,0.05
retention_mean,Confidently Correct (RR=0.2),mlp_prevyears_monthly_features_incremental_scaler_experience_replay_confidently_correct_memory_RR_0.2,f1_score,6,0.43166449291382475,0.39050134095641215,0.46423877001526465,0.42739035458844615,0.019062266046569357,2000,percentile,0.05
retention_mean,Uncertainty Prioritization (RR=0.4),mlp_prevyears_monthly_features_incremental_scaler_experience_replay_uncertainity_prioritization_RR_0.4,f1_score,6,0.4421613875438242,0.4002812737988187,0.47555256753491415,0.4378903069522365,0.019738243978163532,2000,percentile,0.05
retention_mean,Hard Example Mining (RR=0.5),mlp_prevyears_monthly_features_incremental_scaler_experience_replay_hard_example_mining_RR_0.5,f1_score,6,0.39462920424938575,0.34869405058426195,0.4328813988234997,0.39079868894133235,0.02128788277061199,2000,percentile,0.05
retention_mean,Misclassification Buffer (RR=0.5),mlp_prevyears_monthly_features_incremental_scaler_missclassification_buffer_RR_0.5,f1_score,6,0.4215625493572712,0.37944812498874075,0.45440349619074705,0.41765335582203944,0.019354847024382373,2000,percentile,0.05
retention_mean,"Combined (RR=0.5, CC/UP/PR=.2/.2/.1)","mlp_combined_HE=0_CC=0.2_UP=0.2_PR=(0.1,10)_RR=0.5",f1_score,6,0.4253405832373421,0.3843892549987905,0.4570156901336191,0.4210679731035352,0.019217811350119247,2000,percentile,0.05
retention_mean,Baseline (No Replay),mlp_prevyears_monthly_features_incremental_scaler,pr_auc,6,0.3160892970870635,0.2749410610431225,0.3506827723283733,0.3129278433845715,0.019387918708154178,2000,percentile,0.05
retention_mean,Uniform Random (RR=0.5),mlp_prevyears_monthly_features_incremental_scaler_experience_replay_RR_0.5,pr_auc,6,0.3956088160716454,0.35350575371217713,0.4313199443399589,0.39265493233641646,0.020102553145007127,2000,percentile,0.05
retention_mean,"PR Stratification (RR=0.4, PR=0.15)",mlp_prevyears_monthly_features_incremental_scaler_experience_replay_RR_0.4_PR_0.15,pr_auc,6,0.40275666161418283,0.356875117238027,0.4426357392802266,0.39918693581694276,0.02206524167809438,2000,percentile,0.05
retention_mean,Confidently Correct (RR=0.2),mlp_prevyears_monthly_features_incremental_scaler_experience_replay_confidently_correct_memory_RR_0.2,pr_auc,6,0.4004460475487382,0.3531840506160912,0.4407919797168824,0.3965754565587347,0.022622550431838143,2000,percentile,0.05
retention_mean,Uncertainty Prioritization (RR=0.4),mlp_prevyears_monthly_features_incremental_scaler_experience_replay_uncertainity_prioritization_RR_0.4,pr_auc,6,0.40708385530127583,0.3597716797987788,0.44716380316402327,0.4029884205450402,0.022945637610907305,2000,percentile,0.05
retention_mean,Hard Example Mining (RR=0.5),mlp_prevyears_monthly_features_incremental_scaler_experience_replay_hard_example_mining_RR_0.5,pr_auc,6,0.35266915801717186,0.3047664617673098,0.3945206653412788,0.3492589064939099,0.02324323253984997,2000,percentile,0.05
retention_mean,Misclassification Buffer (RR=0.5),mlp_prevyears_monthly_features_incremental_scaler_missclassification_buffer_RR_0.5,pr_auc,6,0.3903508655651202,0.3457752103008232,0.42938629698974595,0.3872003453812625,0.02170892117825387,2000,percentile,0.05
retention_mean,"Combined (RR=0.5, CC/UP/PR=.2/.2/.1)","mlp_combined_HE=0_CC=0.2_UP=0.2_PR=(0.1,10)_RR=0.5",pr_auc,6,0.39199674740210416,0.3455589156586646,0.43046441280796055,0.3881757246905236,0.022203112905677495,2000,percentile,0.05
retention_2017,Baseline (No Replay),mlp_prevyears_monthly_features_incremental_scaler,f1_score,1,0.15056119653981884,0.11659417188022858,0.18262249951937634,0.14968972216811677,0.017223506901985878,2000,percentile,0.05
retention_2017,Uniform Random (RR=0.5),mlp_prevyears_monthly_features_incremental_scaler_experience_replay_RR_0.5,f1_score,1,0.2565712644778405,0.21329896666753,0.29460863393826864,0.25563086508601507,0.020866696596851354,2000,percentile,0.05
retention_2017,"PR Stratification (RR=0.4, PR=0.15)",mlp_prevyears_monthly_features_incremental_scaler_experience_replay_RR_0.4_PR_0.15,f1_score,1,0.25353216811873075,0.20960355802497774,0.29319966157830335,0.25266645931599435,0.021044404052600857,2000,percentile,0.05
retention_2017,Confidently Correct (RR=0.2),mlp_prevyears_monthly_features_incremental_scaler_experience_replay_confidently_correct_memory_RR_0.2,f1_score,1,0.2481808479674008,0.20690216467770625,0.2862336798632866,0.24741206549557584,0.0203238911759266,2000,percentile,0.05
retention_2017,Uncertainty Prioritization (RR=0.4),mlp_prevyears_monthly_features_incremental_scaler_experience_replay_uncertainity_prioritization_RR_0.4,f1_score,1,0.2608998097264562,0.2139222570023791,0.30426024027593007,0.26000582334130445,0.022842784551567262,2000,percentile,0.05
retention_2017,Hard Example Mining (RR=0.5),mlp_prevyears_monthly_features_incremental_scaler_experience_replay_hard_example_mining_RR_0.5,f1_score,1,0.19555523197611985,0.15856593191553056,0.23544358258793613,0.19514390061230766,0.01966153574246418,2000,percentile,0.05
retention_2017,Misclassification Buffer (RR=0.5),mlp_prevyears_monthly_features_incremental_scaler_missclassification_buffer_RR_0.5,f1_score,1,0.20362518056008574,0.16387033204338036,0.24158137216151823,0.20283198245326003,0.019822931163210614,2000,percentile,0.05
retention_2017,"Combined (RR=0.5, CC/UP/PR=.2/.2/.1)","mlp_combined_HE=0_CC=0.2_UP=0.2_PR=(0.1,10)_RR=0.5",f1_score,1,0.2333047785764833,0.19534823918884703,0.27135350910628087,0.2325724337508605,0.01951913085398996,2000,percentile,0.05
retention_2017,Baseline (No Replay),mlp_prevyears_monthly_features_incremental_scaler,pr_auc,1,0.07896067025629736,0.06023540343322063,0.10037071350544184,0.07902696836166456,0.010326829928945536,2000,percentile,0.05
retention_2017,Uniform Random (RR=0.5),mlp_prevyears_monthly_features_incremental_scaler_experience_replay_RR_0.5,pr_auc,1,0.18893033840971665,0.1473310388319304,0.23106278656632426,0.1894443530336954,0.02129252899313995,2000,percentile,0.05
retention_2017,"PR Stratification (RR=0.4, PR=0.15)",mlp_prevyears_monthly_features_incremental_scaler_experience_replay_RR_0.4_PR_0.15,pr_auc,1,0.19252663635761189,0.14756089690213117,0.2383764353326224,0.19286633821759455,0.023028610022583728,2000,percentile,0.05
retention_2017,Confidently Correct (RR=0.2),mlp_prevyears_monthly_features_incremental_scaler_experience_replay_confidently_correct_memory_RR_0.2,pr_auc,1,0.19430455999158444,0.15230111932106816,0.23991764044906647,0.19435350205537175,0.022040083449571493,2000,percentile,0.05
retention_2017,Uncertainty Prioritization (RR=0.4),mlp_prevyears_monthly_features_incremental_scaler_experience_replay_uncertainity_prioritization_RR_0.4,pr_auc,1,0.18450040661795025,0.14486666384411087,0.22701579044632558,0.1857404591313904,0.02076020558789884,2000,percentile,0.05
retention_2017,Hard Example Mining (RR=0.5),mlp_prevyears_monthly_features_incremental_scaler_experience_replay_hard_example_mining_RR_0.5,pr_auc,1,0.12565377119871127,0.0930409481717047,0.1665988990998587,0.12701740304861023,0.018541422637974075,2000,percentile,0.05
retention_2017,Misclassification Buffer (RR=0.5),mlp_prevyears_monthly_features_incremental_scaler_missclassification_buffer_RR_0.5,pr_auc,1,0.1524707655075711,0.11744284854792258,0.1895588259975525,0.15292097321807013,0.01840151152871732,2000,percentile,0.05
retention_2017,"Combined (RR=0.5, CC/UP/PR=.2/.2/.1)","mlp_combined_HE=0_CC=0.2_UP=0.2_PR=(0.1,10)_RR=0.5",pr_auc,1,0.15953775709946932,0.12642053209536605,0.20002583719402528,0.16096104096506608,0.018546042056083213,2000,percentile,0.05
forecast_at_retention_config,Baseline (No Replay),mlp_prevyears_monthly_features_incremental_scaler,f1_score,5,0.3775675917253164,0.34088938424047904,0.40688057738224276,0.3752447930219666,0.016821466208281947,2000,percentile,0.05
forecast_at_retention_config,Uniform Random (RR=0.5),mlp_prevyears_monthly_features_incremental_scaler_experience_replay_RR_0.5,f1_score,5,0.3822746803778776,0.3458219288696613,0.41162044386040025,0.37972949360249686,0.017259452510964474,2000,percentile,0.05
forecast_at_retention_config,"PR Stratification (RR=0.4, PR=0.15)",mlp_prevyears_monthly_features_incremental_scaler_experience_replay_RR_0.4_PR_0.15,f1_score,5,0.3844114896588489,0.34709329693622293,0.4134578221039341,0.38198489433791455,0.017029776994980778,2000,percentile,0.05
forecast_at_retention_config,Confidently Correct (RR=0.2),mlp_prevyears_monthly_features_incremental_scaler_experience_replay_confidently_correct_memory_RR_0.2,f1_score,5,0.3754534273244033,0.3384662220433835,0.40499271705410206,0.37296650578390317,0.01705429344589125,2000,percentile,0.05
forecast_at_retention_config,Uncertainty Prioritization (RR=0.4),mlp_prevyears_monthly_features_incremental_scaler_experience_replay_uncertainity_prioritization_RR_0.4,f1_score,5,0.36339241758054597,0.3273829782076271,0.39350851851823615,0.36130929913550014,0.017154612719816845,2000,percentile,0.05
forecast_at_retention_config,Hard Example Mining (RR=0.5),mlp_prevyears_monthly_features_incremental_scaler_experience_replay_hard_example_mining_RR_0.5,f1_score,5,0.3688182527379845,0.33277391824296104,0.3970433542403097,0.3664966965294,0.01671700540033444,2000,percentile,0.05
forecast_at_retention_config,Misclassification Buffer (RR=0.5),mlp_prevyears_monthly_features_incremental_scaler_missclassification_buffer_RR_0.5,f1_score,5,0.3688460172049468,0.329569168080174,0.39859744821155546,0.3664076630405586,0.017449538813070542,2000,percentile,0.05
forecast_at_retention_config,"Combined (RR=0.5, CC/UP/PR=.2/.2/.1)","mlp_combined_HE=0_CC=0.2_UP=0.2_PR=(0.1,10)_RR=0.5",f1_score,5,0.3729839169656073,0.335740931621161,0.40215321772362017,0.37065368613695626,0.01695081770529805,2000,percentile,0.05
forecast_at_retention_config,Baseline (No Replay),mlp_prevyears_monthly_features_incremental_scaler,pr_auc,5,0.33482624837870606,0.2912544193496678,0.37298535736507693,0.3333108308372856,0.020797132585125666,2000,percentile,0.05
forecast_at_retention_config,Uniform Random (RR=0.5),mlp_prevyears_monthly_features_incremental_scaler_experience_replay_RR_0.5,pr_auc,5,0.34529893642454035,0.30043075817656606,0.38389153828411454,0.34330276906583845,0.021530951245486252,2000,percentile,0.05
forecast_at_retention_config,"PR Stratification (RR=0.4, PR=0.15)",mlp_prevyears_monthly_features_incremental_scaler_experience_replay_RR_0.4_PR_0.15,pr_auc,5,0.3450402859959376,0.3021566451413623,0.38478373697763774,0.34350154069684813,0.02138081723328365,2000,percentile,0.05
forecast_at_retention_config,Confidently Correct (RR=0.2),mlp_prevyears_monthly_features_incremental_scaler_experience_replay_confidently_correct_memory_RR_0.2,pr_auc,5,0.3410920711787656,0.2966193671435119,0.38018675680668845,0.33926522659608604,0.021481453527057423,2000,percentile,0.05
forecast_at_retention_config,Uncertainty Prioritization (RR=0.4),mlp_prevyears_monthly_features_incremental_scaler_experience_replay_uncertainity_prioritization_RR_0.4,pr_auc,5,0.32354986229099214,0.2818171736022564,0.3606874429731449,0.32240502178655056,0.020504704192635566,2000,percentile,0.05
forecast_at_retention_config,Hard Example Mining (RR=0.5),mlp_prevyears_monthly_features_incremental_scaler_experience_replay_hard_example_mining_RR_0.5,pr_auc,5,0.3250500190074022,0.2831002333292552,0.3649588149872306,0.3241793153551742,0.020814024380966845,2000,percentile,0.05
forecast_at_retention_config,Misclassification Buffer (RR=0.5),mlp_prevyears_monthly_features_incremental_scaler_missclassification_buffer_RR_0.5,pr_auc,5,0.334583447886624,0.2906002926745794,0.37308246953664415,0.33291225005231845,0.02121492099912957,2000,percentile,0.05
forecast_at_retention_config,"Combined (RR=0.5, CC/UP/PR=.2/.2/.1)","mlp_combined_HE=0_CC=0.2_UP=0.2_PR=(0.1,10)_RR=0.5",pr_auc,5,0.3334916479249133,0.2908466611370966,0.3718713354468782,0.3320559405090836,0.020922513050467138,2000,percentile,0.05
retention_at_forecast_config,Baseline (No Replay),mlp_prevyears_monthly_features_incremental_scaler,f1_score,6,0.3650769403967786,0.3255601265260711,0.3935281852468504,0.3608350526529121,0.017330130496106058,2000,percentile,0.05
retention_at_forecast_config,Uniform Random (RR=0.4),mlp_prevyears_monthly_features_incremental_scaler_experience_replay_RR_0.4,f1_score,6,0.42522644464066955,0.38505308663306403,0.4559145127367553,0.4211710324909666,0.0186572318984739,2000,percentile,0.05
retention_at_forecast_config,"PR Stratification (RR=0.2, PR=0.10)",mlp_prevyears_monthly_features_incremental_scaler_experience_replay_RR_0.2_PR_0.10,f1_score,6,0.42929708543687256,0.3911223856412173,0.4594024423247399,0.42535503970910793,0.018105466809618935,2000,percentile,0.05
retention_at_forecast_config,Confidently Correct (RR=0.4),mlp_prevyears_monthly_features_incremental_scaler_experience_replay_confidently_correct_memory_RR_0.4,f1_score,6,0.42744834379868574,0.39025502201589995,0.4568895976133746,0.42378828346562886,0.017447352429720134,2000,percentile,0.05
retention_at_forecast_config,Uncertainty Prioritization (RR=0.5),mlp_prevyears_monthly_features_incremental_scaler_experience_replay_uncertainity_prioritization_RR_0.5,f1_score,6,0.43774082382634943,0.3965282896324173,0.469172601969715,0.4336223014388161,0.018993419266382428,2000,percentile,0.05
retention_at_forecast_config,Hard Example Mining (RR=0.4),mlp_prevyears_monthly_features_incremental_scaler_experience_replay_hard_example_mining_RR_0.4,f1_score,6,0.37844991166709274,0.33808018819024055,0.4111873672890744,0.3745806719494592,0.0191015670616661,2000,percentile,0.05
retention_at_forecast_config,Misclassification Buffer (RR=0.4),mlp_prevyears_monthly_features_incremental_scaler_missclassification_buffer_RR_0.4,f1_score,6,0.3721697044538854,0.33327313569517286,0.402664021847002,0.36845545576851635,0.01802963651952852,2000,percentile,0.05
retention_at_forecast_config,"Combined (RR=0.5, HE/CC/UP/PR=.1/.1/.1/.2)","mlp_combined_HE=0.1_CC=0.1_UP=0.1_PR=(0.2,10)_RR=0.5",f1_score,6,0.3990040897214106,0.359226762384877,0.42937600921413194,0.39528151630469316,0.018176438338786155,2000,percentile,0.05
retention_at_forecast_config,Baseline (No Replay),mlp_prevyears_monthly_features_incremental_scaler,pr_auc,6,0.3160892970870635,0.2749410610431225,0.3506827723283733,0.3129278433845715,0.019387918708154178,2000,percentile,0.05
retention_at_forecast_config,Uniform Random (RR=0.4),mlp_prevyears_monthly_features_incremental_scaler_experience_replay_RR_0.4,pr_auc,6,0.3954063751478243,0.35026009960079857,0.43292358238355966,0.39173644837401445,0.021520006488146913,2000,percentile,0.05
retention_at_forecast_config,"PR Stratification (RR=0.2, PR=0.10)",mlp_prevyears_monthly_features_incremental_scaler_experience_replay_RR_0.2_PR_0.10,pr_auc,6,0.3960166400723368,0.3514924520574401,0.4340084895807443,0.3927995289120932,0.021249684720680607,2000,percentile,0.05
retention_at_forecast_config,Confidently Correct (RR=0.4),mlp_prevyears_monthly_features_incremental_scaler_experience_replay_confidently_correct_memory_RR_0.4,pr_auc,6,0.39758315504345876,0.3534921066510188,0.43514999003144084,0.3941431825192824,0.020961017046597273,2000,percentile,0.05
retention_at_forecast_config,Uncertainty Prioritization (RR=0.5),mlp_prevyears_monthly_features_incremental_scaler_experience_replay_uncertainity_prioritization_RR_0.5,pr_auc,6,0.40308329119457037,0.3564820716584803,0.4422031030152885,0.39949649189750686,0.022118642320394042,2000,percentile,0.05
retention_at_forecast_config,Hard Example Mining (RR=0.4),mlp_prevyears_monthly_features_incremental_scaler_experience_replay_hard_example_mining_RR_0.4,pr_auc,6,0.3380178166136381,0.2931567348705507,0.3766524207992899,0.3347879748142109,0.02216458252818686,2000,percentile,0.05
retention_at_forecast_config,Misclassification Buffer (RR=0.4),mlp_prevyears_monthly_features_incremental_scaler_missclassification_buffer_RR_0.4,pr_auc,6,0.34380349102415964,0.29984085979745206,0.3810324987347548,0.3405292571736644,0.021047764267137448,2000,percentile,0.05
retention_at_forecast_config,"Combined (RR=0.5, HE/CC/UP/PR=.1/.1/.1/.2)","mlp_combined_HE=0.1_CC=0.1_UP=0.1_PR=(0.2,10)_RR=0.5",pr_auc,6,0.3693153235295405,0.3239284459847102,0.40682613910908194,0.36587590733446995,0.02165122024823474,2000,percentile,0.05
