slice,metric,row_label,family_id,point_estimate,mean_rank,median_rank,top1_prob,rank_1_frac,rank_2_frac,rank_3_frac,rank_4_frac,rank_5_frac,rank_6_frac,rank_7_frac,rank_8_frac
forecast_mean,f1_score,Baseline (No Replay),mlp_prevyears_monthly_features_incremental_scaler,0.3775675917253164,5.1385,6.0,0.0035,0.0035,0.097,0.0825,0.0785,0.1095,0.5715,0.057,0.0005
forecast_mean,f1_score,Uniform Random (RR=0.4),mlp_prevyears_monthly_features_incremental_scaler_experience_replay_RR_0.4,0.3838924848396529,4.1375,4.0,0.009,0.009,0.037,0.169,0.399,0.3645,0.0215,0.0,0.0
forecast_mean,f1_score,"PR Stratification (RR=0.2, PR=0.10)",mlp_prevyears_monthly_features_incremental_scaler_experience_replay_RR_0.2_PR_0.10,0.3882558930134768,2.194,2.0,0.431,0.431,0.1975,0.1915,0.1065,0.0735,0.0,0.0,0.0
forecast_mean,f1_score,Confidently Correct (RR=0.4),mlp_prevyears_monthly_features_incremental_scaler_experience_replay_confidently_correct_memory_RR_0.4,0.38931408884513946,1.9115,2.0,0.3815,0.3815,0.399,0.158,0.0495,0.012,0.0,0.0,0.0
forecast_mean,f1_score,Uncertainty Prioritization (RR=0.5),mlp_prevyears_monthly_features_incremental_scaler_experience_replay_uncertainity_prioritization_RR_0.5,0.3841000476245221,3.936,4.0,0.0425,0.0425,0.0835,0.224,0.2675,0.3185,0.056,0.008,0.0
forecast_mean,f1_score,Hard Example Mining (RR=0.4),mlp_prevyears_monthly_features_incremental_scaler_experience_replay_hard_example_mining_RR_0.4,0.36859814968865834,6.968,7.0,0.0,0.0,0.0,0.0,0.0015,0.006,0.074,0.86,0.0585
forecast_mean,f1_score,Misclassification Buffer (RR=0.3),mlp_prevyears_monthly_features_incremental_scaler_missclassification_buffer_RR_0.3,0.35800824941924947,7.9395,8.0,0.0,0.0,0.0,0.0,0.0,0.0,0.0015,0.0575,0.941
forecast_mean,f1_score,"Combined (RR=0.5, HE/CC/UP/PR=.1/.1/.1/.2)","mlp_combined_HE=0.1_CC=0.1_UP=0.1_PR=(0.2,10)_RR=0.5",0.38536096686151317,3.775,4.0,0.1325,0.1325,0.186,0.175,0.0975,0.116,0.2755,0.0175,0.0
forecast_mean,pr_auc,Baseline (No Replay),mlp_prevyears_monthly_features_incremental_scaler,0.33482624837870606,5.7355,6.0,0.002,0.002,0.0245,0.05,0.058,0.071,0.637,0.1345,0.023
forecast_mean,pr_auc,Uniform Random (RR=0.4),mlp_prevyears_monthly_features_incremental_scaler_experience_replay_RR_0.4,0.3465892564839591,3.5185,4.0,0.0415,0.0415,0.108,0.335,0.325,0.187,0.0035,0.0,0.0
forecast_mean,pr_auc,"PR Stratification (RR=0.2, PR=0.10)",mlp_prevyears_monthly_features_incremental_scaler_experience_replay_RR_0.2_PR_0.10,0.3500338850670027,2.0205,2.0,0.3915,0.3915,0.3665,0.131,0.052,0.059,0.0,0.0,0.0
forecast_mean,pr_auc,Confidently Correct (RR=0.4),mlp_prevyears_monthly_features_incremental_scaler_experience_replay_confidently_correct_memory_RR_0.4,0.3511415690626449,1.5905,1.0,0.5355,0.5355,0.3575,0.089,0.017,0.001,0.0,0.0,0.0
forecast_mean,pr_auc,Uncertainty Prioritization (RR=0.5),mlp_prevyears_monthly_features_incremental_scaler_experience_replay_uncertainity_prioritization_RR_0.5,0.3455265277346256,3.806,4.0,0.026,0.026,0.0945,0.281,0.2835,0.276,0.039,0.0,0.0
forecast_mean,pr_auc,Hard Example Mining (RR=0.4),mlp_prevyears_monthly_features_incremental_scaler_experience_replay_hard_example_mining_RR_0.4,0.3272344493402772,7.125,7.0,0.0,0.0,0.0,0.0,0.0,0.0,0.1155,0.644,0.2405
forecast_mean,pr_auc,Misclassification Buffer (RR=0.3),mlp_prevyears_monthly_features_incremental_scaler_missclassification_buffer_RR_0.3,0.3210895520099134,7.6945,8.0,0.0,0.0,0.0,0.0,0.0,0.0,0.042,0.2215,0.7365
forecast_mean,pr_auc,"Combined (RR=0.5, HE/CC/UP/PR=.1/.1/.1/.2)","mlp_combined_HE=0.1_CC=0.1_UP=0.1_PR=(0.2,10)_RR=0.5",0.34460348058070167,4.5095,5.0,0.0035,0.0035,0.049,0.114,0.2645,0.406,0.163,0.0,0.0
retention_mean,f1_score,Baseline (No Replay),mlp_prevyears_monthly_features_incremental_scaler,0.3650769403967786,7.9715,8.0,0.0,0.0,0.0,0.0,0.0,0.0,0.0065,0.0155,0.978
retention_mean,f1_score,Uniform Random (RR=0.5),mlp_prevyears_monthly_features_incremental_scaler_experience_replay_RR_0.5,0.42798746147734873,3.832,4.0,0.0,0.0,0.128,0.185,0.4145,0.272,0.0005,0.0,0.0
retention_mean,f1_score,"PR Stratification (RR=0.4, PR=0.15)",mlp_prevyears_monthly_features_incremental_scaler_experience_replay_RR_0.4_PR_0.15,0.4330296679257861,2.45,2.0,0.0025,0.0025,0.6035,0.336,0.0575,0.0005,0.0,0.0,0.0
retention_mean,f1_score,Confidently Correct (RR=0.2),mlp_prevyears_monthly_features_incremental_scaler_experience_replay_confidently_correct_memory_RR_0.2,0.43166449291382475,3.051,3.0,0.003,0.003,0.2615,0.447,0.2585,0.03,0.0,0.0,0.0
retention_mean,f1_score,Uncertainty Prioritization (RR=0.4),mlp_prevyears_monthly_features_incremental_scaler_experience_replay_uncertainity_prioritization_RR_0.4,0.4421613875438242,1.0075,1.0,0.9945,0.9945,0.0035,0.002,0.0,0.0,0.0,0.0,0.0
retention_mean,f1_score,Hard Example Mining (RR=0.5),mlp_prevyears_monthly_features_incremental_scaler_experience_replay_hard_example_mining_RR_0.5,0.39462920424938575,6.244,6.0,0.0,0.0,0.0,0.0,0.0,0.0005,0.757,0.2405,0.002
retention_mean,f1_score,Misclassification Buffer (RR=0.3),mlp_prevyears_monthly_features_incremental_scaler_missclassification_buffer_RR_0.3,0.39033645292474106,6.784,7.0,0.0,0.0,0.0,0.0,0.0,0.0,0.236,0.744,0.02
retention_mean,f1_score,"Combined (RR=0.5, CC/UP/PR=.2/.2/.1)","mlp_combined_HE=0_CC=0.2_UP=0.2_PR=(0.1,10)_RR=0.5",0.4253405832373421,4.66,5.0,0.0,0.0,0.0035,0.03,0.2695,0.697,0.0,0.0,0.0
retention_mean,pr_auc,Baseline (No Replay),mlp_prevyears_monthly_features_incremental_scaler,0.3160892970870635,8.0,8.0,0.0,0.0,0.0,0.0,0.0,0.0,0.0,0.0,1.0
retention_mean,pr_auc,Uniform Random (RR=0.5),mlp_prevyears_monthly_features_incremental_scaler_experience_replay_RR_0.5,0.3956088160716454,3.885,4.0,0.0035,0.0035,0.0675,0.199,0.5005,0.2295,0.0,0.0,0.0
retention_mean,pr_auc,"PR Stratification (RR=0.4, PR=0.15)",mlp_prevyears_monthly_features_incremental_scaler_experience_replay_RR_0.4_PR_0.15,0.40275666161418283,2.0965,2.0,0.14,0.14,0.6375,0.209,0.013,0.0005,0.0,0.0,0.0
retention_mean,pr_auc,Confidently Correct (RR=0.2),mlp_prevyears_monthly_features_incremental_scaler_experience_replay_confidently_correct_memory_RR_0.2,0.4004460475487382,3.067,3.0,0.0175,0.0175,0.166,0.5565,0.252,0.008,0.0,0.0,0.0
retention_mean,pr_auc,Uncertainty Prioritization (RR=0.4),mlp_prevyears_monthly_features_incremental_scaler_experience_replay_uncertainity_prioritization_RR_0.4,0.40708385530127583,1.1985,1.0,0.839,0.839,0.1285,0.0275,0.005,0.0,0.0,0.0,0.0
retention_mean,pr_auc,Hard Example Mining (RR=0.5),mlp_prevyears_monthly_features_incremental_scaler_experience_replay_hard_example_mining_RR_0.5,0.35266915801717186,6.6565,7.0,0.0,0.0,0.0,0.0,0.0,0.0,0.3435,0.6565,0.0
retention_mean,pr_auc,Misclassification Buffer (RR=0.3),mlp_prevyears_monthly_features_incremental_scaler_missclassification_buffer_RR_0.3,0.35507917840654885,6.3435,6.0,0.0,0.0,0.0,0.0,0.0,0.0,0.6565,0.3435,0.0
retention_mean,pr_auc,"Combined (RR=0.5, CC/UP/PR=.2/.2/.1)","mlp_combined_HE=0_CC=0.2_UP=0.2_PR=(0.1,10)_RR=0.5",0.39199674740210416,4.753,5.0,0.0,0.0,0.0005,0.008,0.2295,0.762,0.0,0.0,0.0
retention_2017,f1_score,Baseline (No Replay),mlp_prevyears_monthly_features_incremental_scaler,0.15056119653981884,6.999,7.0,0.0,0.0,0.0,0.0,0.0,0.0,0.001,0.999,0.0
retention_2017,f1_score,Uniform Random (RR=0.5),mlp_prevyears_monthly_features_incremental_scaler_experience_replay_RR_0.5,0.2565712644778405,2.247,2.0,0.225,0.225,0.392,0.304,0.0695,0.009,0.0005,0.0,0.0
retention_2017,f1_score,"PR Stratification (RR=0.4, PR=0.15)",mlp_prevyears_monthly_features_incremental_scaler_experience_replay_RR_0.4_PR_0.15,0.25353216811873075,2.7125,3.0,0.1765,0.1765,0.2445,0.2865,0.275,0.0175,0.0,0.0,0.0
retention_2017,f1_score,Confidently Correct (RR=0.2),mlp_prevyears_monthly_features_incremental_scaler_experience_replay_confidently_correct_memory_RR_0.2,0.2481808479674008,3.5255,4.0,0.0285,0.0285,0.0845,0.286,0.5355,0.065,0.0005,0.0,0.0
retention_2017,f1_score,Uncertainty Prioritization (RR=0.4),mlp_prevyears_monthly_features_incremental_scaler_experience_replay_uncertainity_prioritization_RR_0.4,0.2608998097264562,1.6245,1.0,0.57,0.57,0.277,0.1115,0.0415,0.0,0.0,0.0,0.0
retention_2017,f1_score,Hard Example Mining (RR=0.5),mlp_prevyears_monthly_features_incremental_scaler_experience_replay_hard_example_mining_RR_0.5,0.19555523197611985,5.9985,6.0,0.0,0.0,0.0,0.0,0.001,0.0005,0.9975,0.001,0.0
retention_2017,f1_score,Misclassification Buffer (RR=0.3),mlp_prevyears_monthly_features_incremental_scaler_missclassification_buffer_RR_0.3,0.08591640939736686,8.0,8.0,0.0,0.0,0.0,0.0,0.0,0.0,0.0,0.0,1.0
retention_2017,f1_score,"Combined (RR=0.5, CC/UP/PR=.2/.2/.1)","mlp_combined_HE=0_CC=0.2_UP=0.2_PR=(0.1,10)_RR=0.5",0.2333047785764833,4.893,5.0,0.0,0.0,0.002,0.012,0.0775,0.908,0.0005,0.0,0.0
retention_2017,pr_auc,Baseline (No Replay),mlp_prevyears_monthly_features_incremental_scaler,0.07896067025629736,7.0,7.0,0.0,0.0,0.0,0.0,0.0,0.0,0.0,1.0,0.0
retention_2017,pr_auc,Uniform Random (RR=0.5),mlp_prevyears_monthly_features_incremental_scaler_experience_replay_RR_0.5,0.18893033840971665,2.708,3.0,0.1,0.1,0.3065,0.389,0.1945,0.01,0.0,0.0,0.0
retention_2017,pr_auc,"PR Stratification (RR=0.4, PR=0.15)",mlp_prevyears_monthly_features_incremental_scaler_experience_replay_RR_0.4_PR_0.15,0.19252663635761189,2.156,2.0,0.3705,0.3705,0.263,0.211,0.151,0.0045,0.0,0.0,0.0
retention_2017,pr_auc,Confidently Correct (RR=0.2),mlp_prevyears_monthly_features_incremental_scaler_experience_replay_confidently_correct_memory_RR_0.2,0.19430455999158444,1.926,2.0,0.452,0.452,0.2855,0.1475,0.1145,0.0005,0.0,0.0,0.0
retention_2017,pr_auc,Uncertainty Prioritization (RR=0.4),mlp_prevyears_monthly_features_incremental_scaler_experience_replay_uncertainity_prioritization_RR_0.4,0.18450040661795025,3.239,4.0,0.0775,0.0775,0.1435,0.248,0.5245,0.0065,0.0,0.0,0.0
retention_2017,pr_auc,Hard Example Mining (RR=0.5),mlp_prevyears_monthly_features_incremental_scaler_experience_replay_hard_example_mining_RR_0.5,0.12565377119871127,5.9995,6.0,0.0,0.0,0.0,0.0,0.0,0.0005,0.9995,0.0,0.0
retention_2017,pr_auc,Misclassification Buffer (RR=0.3),mlp_prevyears_monthly_features_incremental_scaler_missclassification_buffer_RR_0.3,0.04450844557993628,8.0,8.0,0.0,0.0,0.0,0.0,0.0,0.0,0.0,0.0,1.0
retention_2017,pr_auc,"Combined (RR=0.5, CC/UP/PR=.2/.2/.1)","mlp_combined_HE=0_CC=0.2_UP=0.2_PR=(0.1,10)_RR=0.5",0.15953775709946932,4.9715,5.0,0.0,0.0,0.0015,0.0045,0.0155,0.978,0.0005,0.0,0.0
forecast_at_retention_config,f1_score,Baseline (No Replay),mlp_prevyears_monthly_features_incremental_scaler,0.3775675917253164,3.133,3.0,0.084,0.084,0.187,0.418,0.164,0.1195,0.025,0.0025,0.0
forecast_at_retention_config,f1_score,Uniform Random (RR=0.5),mlp_prevyears_monthly_features_incremental_scaler_experience_replay_RR_0.5,0.3822746803778776,2.062,2.0,0.3005,0.3005,0.4665,0.1465,0.0465,0.037,0.003,0.0,0.0
forecast_at_retention_config,f1_score,"PR Stratification (RR=0.4, PR=0.15)",mlp_prevyears_monthly_features_incremental_scaler_experience_replay_RR_0.4_PR_0.15,0.3844114896588489,1.4805,1.0,0.615,0.615,0.2945,0.0855,0.005,0.0,0.0,0.0,0.0
forecast_at_retention_config,f1_score,Confidently Correct (RR=0.2),mlp_prevyears_monthly_features_incremental_scaler_experience_replay_confidently_correct_memory_RR_0.2,0.3754534273244033,3.8795,4.0,0.0,0.0,0.0185,0.2465,0.5725,0.162,0.0005,0.0,0.0
forecast_at_retention_config,f1_score,Uncertainty Prioritization (RR=0.4),mlp_prevyears_monthly_features_incremental_scaler_experience_replay_uncertainity_prioritization_RR_0.4,0.36339241758054597,6.852,7.0,0.0,0.0,0.0,0.0,0.001,0.006,0.1755,0.775,0.0425
forecast_at_retention_config,f1_score,Hard Example Mining (RR=0.5),mlp_prevyears_monthly_features_incremental_scaler_experience_replay_hard_example_mining_RR_0.5,0.3688182527379845,5.995,6.0,0.0,0.0,0.0,0.004,0.0175,0.156,0.637,0.173,0.0125
forecast_at_retention_config,f1_score,Misclassification Buffer (RR=0.3),mlp_prevyears_monthly_features_incremental_scaler_missclassification_buffer_RR_0.3,0.35800824941924947,7.9385,8.0,0.0,0.0,0.0,0.0,0.0,0.001,0.0045,0.0495,0.945
forecast_at_retention_config,f1_score,"Combined (RR=0.5, CC/UP/PR=.2/.2/.1)","mlp_combined_HE=0_CC=0.2_UP=0.2_PR=(0.1,10)_RR=0.5",0.3729839169656073,4.6595,5.0,0.0005,0.0005,0.0335,0.0995,0.1935,0.5185,0.1545,0.0,0.0
forecast_at_retention_config,pr_auc,Baseline (No Replay),mlp_prevyears_monthly_features_incremental_scaler,0.33482624837870606,4.334,4.0,0.017,0.017,0.0475,0.073,0.452,0.304,0.077,0.023,0.0065
forecast_at_retention_config,pr_auc,Uniform Random (RR=0.5),mlp_prevyears_monthly_features_incremental_scaler_experience_replay_RR_0.5,0.34529893642454035,1.708,2.0,0.487,0.487,0.3685,0.0975,0.0435,0.0035,0.0,0.0,0.0
forecast_at_retention_config,pr_auc,"PR Stratification (RR=0.4, PR=0.15)",mlp_prevyears_monthly_features_incremental_scaler_experience_replay_RR_0.4_PR_0.15,0.3450402859959376,1.774,2.0,0.469,0.469,0.3645,0.097,0.0625,0.007,0.0,0.0,0.0
forecast_at_retention_config,pr_auc,Confidently Correct (RR=0.2),mlp_prevyears_monthly_features_incremental_scaler_experience_replay_confidently_correct_memory_RR_0.2,0.3410920711787656,2.877,3.0,0.0255,0.0255,0.186,0.6805,0.102,0.006,0.0,0.0,0.0
forecast_at_retention_config,pr_auc,Uncertainty Prioritization (RR=0.4),mlp_prevyears_monthly_features_incremental_scaler_experience_replay_uncertainity_prioritization_RR_0.4,0.32354986229099214,6.91,7.0,0.0,0.0,0.0,0.0,0.0,0.0025,0.302,0.4785,0.217
forecast_at_retention_config,pr_auc,Hard Example Mining (RR=0.5),mlp_prevyears_monthly_features_incremental_scaler_experience_replay_hard_example_mining_RR_0.5,0.3250500190074022,6.495,6.0,0.0,0.0,0.0,0.0,0.0185,0.0985,0.4245,0.2865,0.172
forecast_at_retention_config,pr_auc,Misclassification Buffer (RR=0.3),mlp_prevyears_monthly_features_incremental_scaler_missclassification_buffer_RR_0.3,0.3210895520099134,7.3745,8.0,0.0,0.0,0.0,0.0005,0.0035,0.0365,0.1445,0.2105,0.6045
forecast_at_retention_config,pr_auc,"Combined (RR=0.5, CC/UP/PR=.2/.2/.1)","mlp_combined_HE=0_CC=0.2_UP=0.2_PR=(0.1,10)_RR=0.5",0.3334916479249133,4.5275,5.0,0.0015,0.0015,0.0335,0.0515,0.318,0.542,0.052,0.0015,0.0
retention_at_forecast_config,f1_score,Baseline (No Replay),mlp_prevyears_monthly_features_incremental_scaler,0.3650769403967786,7.8665,8.0,0.0,0.0,0.0,0.0,0.0,0.0,0.0215,0.0905,0.888
retention_at_forecast_config,f1_score,Uniform Random (RR=0.4),mlp_prevyears_monthly_features_incremental_scaler_experience_replay_RR_0.4,0.42522644464066955,3.6855,4.0,0.0,0.0,0.053,0.2085,0.7385,0.0,0.0,0.0,0.0
retention_at_forecast_config,f1_score,"PR Stratification (RR=0.2, PR=0.10)",mlp_prevyears_monthly_features_incremental_scaler_experience_replay_RR_0.2_PR_0.10,0.42929708543687256,2.3735,2.0,0.0005,0.0005,0.6705,0.284,0.045,0.0,0.0,0.0,0.0
retention_at_forecast_config,f1_score,Confidently Correct (RR=0.4),mlp_prevyears_monthly_features_incremental_scaler_experience_replay_confidently_correct_memory_RR_0.4,0.42744834379868574,2.939,3.0,0.0015,0.0015,0.2745,0.5075,0.2165,0.0,0.0,0.0,0.0
retention_at_forecast_config,f1_score,Uncertainty Prioritization (RR=0.5),mlp_prevyears_monthly_features_incremental_scaler_experience_replay_uncertainity_prioritization_RR_0.5,0.43774082382634943,1.002,1.0,0.998,0.998,0.002,0.0,0.0,0.0,0.0,0.0,0.0
retention_at_forecast_config,f1_score,Hard Example Mining (RR=0.4),mlp_prevyears_monthly_features_incremental_scaler_experience_replay_hard_example_mining_RR_0.4,0.37844991166709274,7.108,7.0,0.0,0.0,0.0,0.0,0.0,0.0,0.0035,0.885,0.1115
retention_at_forecast_config,f1_score,Misclassification Buffer (RR=0.3),mlp_prevyears_monthly_features_incremental_scaler_missclassification_buffer_RR_0.3,0.39033645292474106,5.9905,6.0,0.0,0.0,0.0,0.0,0.0,0.035,0.94,0.0245,0.0005
retention_at_forecast_config,f1_score,"Combined (RR=0.5, HE/CC/UP/PR=.1/.1/.1/.2)","mlp_combined_HE=0.1_CC=0.1_UP=0.1_PR=(0.2,10)_RR=0.5",0.3990040897214106,5.035,5.0,0.0,0.0,0.0,0.0,0.0,0.965,0.035,0.0,0.0
retention_at_forecast_config,pr_auc,Baseline (No Replay),mlp_prevyears_monthly_features_incremental_scaler,0.3160892970870635,7.9865,8.0,0.0,0.0,0.0,0.0,0.0,0.0,0.0,0.0135,0.9865
retention_at_forecast_config,pr_auc,Uniform Random (RR=0.4),mlp_prevyears_monthly_features_incremental_scaler_experience_replay_RR_0.4,0.3954063751478243,3.401,4.0,0.003,0.003,0.1455,0.299,0.5525,0.0,0.0,0.0,0.0
retention_at_forecast_config,pr_auc,"PR Stratification (RR=0.2, PR=0.10)",mlp_prevyears_monthly_features_incremental_scaler_experience_replay_RR_0.2_PR_0.10,0.3960166400723368,3.0445,3.0,0.0075,0.0075,0.2485,0.436,0.308,0.0,0.0,0.0,0.0
retention_at_forecast_config,pr_auc,Confidently Correct (RR=0.4),mlp_prevyears_monthly_features_incremental_scaler_experience_replay_confidently_correct_memory_RR_0.4,0.39758315504345876,2.4665,2.0,0.069,0.069,0.5345,0.2575,0.139,0.0,0.0,0.0,0.0
retention_at_forecast_config,pr_auc,Uncertainty Prioritization (RR=0.5),mlp_prevyears_monthly_features_incremental_scaler_experience_replay_uncertainity_prioritization_RR_0.5,0.40308329119457037,1.088,1.0,0.9205,0.9205,0.0715,0.0075,0.0005,0.0,0.0,0.0,0.0
retention_at_forecast_config,pr_auc,Hard Example Mining (RR=0.4),mlp_prevyears_monthly_features_incremental_scaler_experience_replay_hard_example_mining_RR_0.4,0.3380178166136381,7.0135,7.0,0.0,0.0,0.0,0.0,0.0,0.0,0.0,0.9865,0.0135
retention_at_forecast_config,pr_auc,Misclassification Buffer (RR=0.3),mlp_prevyears_monthly_features_incremental_scaler_missclassification_buffer_RR_0.3,0.35507917840654885,5.994,6.0,0.0,0.0,0.0,0.0,0.0,0.006,0.994,0.0,0.0
retention_at_forecast_config,pr_auc,"Combined (RR=0.5, HE/CC/UP/PR=.1/.1/.1/.2)","mlp_combined_HE=0.1_CC=0.1_UP=0.1_PR=(0.2,10)_RR=0.5",0.3693153235295405,5.006,5.0,0.0,0.0,0.0,0.0,0.0,0.994,0.006,0.0,0.0
