slice,metric,strategy_a,strategy_b,family_id_a,family_id_b,point_estimate,se_diff,critical_value_maxt,sim_ci_lower,sim_ci_upper,sim_significant,p_value_maxt
forecast_mean,f1_score,Uniform Random (RR=0.4),"PR Stratification (RR=0.2, PR=0.10)",mlp_prevyears_monthly_features_incremental_scaler_experience_replay_RR_0.4,mlp_prevyears_monthly_features_incremental_scaler_experience_replay_RR_0.2_PR_0.10,-0.004363408173823913,0.0037660567794608833,2.7892856265093346,-0.014868016217392189,0.006141199869744363,False,0.8420789605197402
forecast_mean,f1_score,Uniform Random (RR=0.4),Confidently Correct (RR=0.4),mlp_prevyears_monthly_features_incremental_scaler_experience_replay_RR_0.4,mlp_prevyears_monthly_features_incremental_scaler_experience_replay_confidently_correct_memory_RR_0.4,-0.00542160400548658,0.003376851612303992,2.7892856265093346,-0.014840607670540977,0.0039973996595678175,False,0.5732133933033483
forecast_mean,f1_score,Uniform Random (RR=0.4),Uncertainty Prioritization (RR=0.5),mlp_prevyears_monthly_features_incremental_scaler_experience_replay_RR_0.4,mlp_prevyears_monthly_features_incremental_scaler_experience_replay_uncertainity_prioritization_RR_0.5,-0.00020756278486921964,0.0034917178573114493,2.7892856265093346,-0.009946961216094017,0.009531835646355577,False,1.0
forecast_mean,f1_score,Uniform Random (RR=0.4),Hard Example Mining (RR=0.4),mlp_prevyears_monthly_features_incremental_scaler_experience_replay_RR_0.4,mlp_prevyears_monthly_features_incremental_scaler_experience_replay_hard_example_mining_RR_0.4,0.015294335150994542,0.004874394757486266,2.7892856265093346,0.0016982559160056455,0.02889041438598344,True,0.017491254372813594
forecast_mean,f1_score,Uniform Random (RR=0.4),Misclassification Buffer (RR=0.4),mlp_prevyears_monthly_features_incremental_scaler_experience_replay_RR_0.4,mlp_prevyears_monthly_features_incremental_scaler_missclassification_buffer_RR_0.4,0.001767393914513582,0.005177993668176406,2.7892856265093346,-0.012675509398287214,0.016210297227314378,False,1.0
forecast_mean,f1_score,Uniform Random (RR=0.4),"Combined (RR=0.5, HE/CC/UP/PR=.1/.1/.1/.2)",mlp_prevyears_monthly_features_incremental_scaler_experience_replay_RR_0.4,"mlp_combined_HE=0.1_CC=0.1_UP=0.1_PR=(0.2,10)_RR=0.5",-0.0014684820218602845,0.005998172312573563,2.7892856265093346,-0.01819909783864798,0.01526213379492741,False,1.0
forecast_mean,f1_score,"PR Stratification (RR=0.2, PR=0.10)",Confidently Correct (RR=0.4),mlp_prevyears_monthly_features_incremental_scaler_experience_replay_RR_0.2_PR_0.10,mlp_prevyears_monthly_features_incremental_scaler_experience_replay_confidently_correct_memory_RR_0.4,-0.0010581958316626672,0.005137582153115271,2.7892856265093346,-0.015388379886357974,0.01327198822303264,False,1.0
forecast_mean,f1_score,"PR Stratification (RR=0.2, PR=0.10)",Uncertainty Prioritization (RR=0.5),mlp_prevyears_monthly_features_incremental_scaler_experience_replay_RR_0.2_PR_0.10,mlp_prevyears_monthly_features_incremental_scaler_experience_replay_uncertainity_prioritization_RR_0.5,0.004155845388954693,0.004911278171844879,2.7892856265093346,-0.009543112223561271,0.01785480300147066,False,0.9475262368815592
forecast_mean,f1_score,"PR Stratification (RR=0.2, PR=0.10)",Hard Example Mining (RR=0.4),mlp_prevyears_monthly_features_incremental_scaler_experience_replay_RR_0.2_PR_0.10,mlp_prevyears_monthly_features_incremental_scaler_experience_replay_hard_example_mining_RR_0.4,0.019657743324818455,0.004509651832993166,2.7892856265093346,0.0070790362864891435,0.03223645036314777,True,0.0009995002498750624
forecast_mean,f1_score,"PR Stratification (RR=0.2, PR=0.10)",Misclassification Buffer (RR=0.4),mlp_prevyears_monthly_features_incremental_scaler_experience_replay_RR_0.2_PR_0.10,mlp_prevyears_monthly_features_incremental_scaler_missclassification_buffer_RR_0.4,0.006130802088337495,0.005204663312030106,2.7892856265093346,-0.008386490478728548,0.020648094655403536,False,0.8355822088955522
forecast_mean,f1_score,"PR Stratification (RR=0.2, PR=0.10)","Combined (RR=0.5, HE/CC/UP/PR=.1/.1/.1/.2)",mlp_prevyears_monthly_features_incremental_scaler_experience_replay_RR_0.2_PR_0.10,"mlp_combined_HE=0.1_CC=0.1_UP=0.1_PR=(0.2,10)_RR=0.5",0.0028949261519636282,0.008146122686688616,2.7892856265093346,-0.019826936769798534,0.02561678907372579,False,1.0
forecast_mean,f1_score,Confidently Correct (RR=0.4),Uncertainty Prioritization (RR=0.5),mlp_prevyears_monthly_features_incremental_scaler_experience_replay_confidently_correct_memory_RR_0.4,mlp_prevyears_monthly_features_incremental_scaler_experience_replay_uncertainity_prioritization_RR_0.5,0.00521404122061736,0.004091117090467993,2.7892856265093346,-0.006197252876191703,0.016625335317426423,False,0.7886056971514243
forecast_mean,f1_score,Confidently Correct (RR=0.4),Hard Example Mining (RR=0.4),mlp_prevyears_monthly_features_incremental_scaler_experience_replay_confidently_correct_memory_RR_0.4,mlp_prevyears_monthly_features_incremental_scaler_experience_replay_hard_example_mining_RR_0.4,0.020715939156481122,0.006077142839035185,2.7892856265093346,0.00376505198531615,0.03766682632764609,True,0.004497751124437781
forecast_mean,f1_score,Confidently Correct (RR=0.4),Misclassification Buffer (RR=0.4),mlp_prevyears_monthly_features_incremental_scaler_experience_replay_confidently_correct_memory_RR_0.4,mlp_prevyears_monthly_features_incremental_scaler_missclassification_buffer_RR_0.4,0.007188997920000162,0.007405273469816688,2.7892856265093346,-0.013466424929730433,0.027844420769730756,False,0.9135432283858071
forecast_mean,f1_score,Confidently Correct (RR=0.4),"Combined (RR=0.5, HE/CC/UP/PR=.1/.1/.1/.2)",mlp_prevyears_monthly_features_incremental_scaler_experience_replay_confidently_correct_memory_RR_0.4,"mlp_combined_HE=0.1_CC=0.1_UP=0.1_PR=(0.2,10)_RR=0.5",0.003953121983626295,0.0038742569214155038,2.7892856265093346,-0.006853287160682274,0.014759531127934865,False,0.8950524737631185
forecast_mean,f1_score,Uncertainty Prioritization (RR=0.5),Hard Example Mining (RR=0.4),mlp_prevyears_monthly_features_incremental_scaler_experience_replay_uncertainity_prioritization_RR_0.5,mlp_prevyears_monthly_features_incremental_scaler_experience_replay_hard_example_mining_RR_0.4,0.015501897935863762,0.007170648164724764,2.7892856265093346,-0.004499087922758563,0.03550288379448609,False,0.22688655672163918
forecast_mean,f1_score,Uncertainty Prioritization (RR=0.5),Misclassification Buffer (RR=0.4),mlp_prevyears_monthly_features_incremental_scaler_experience_replay_uncertainity_prioritization_RR_0.5,mlp_prevyears_monthly_features_incremental_scaler_missclassification_buffer_RR_0.4,0.0019749566993828016,0.006462553234665151,2.7892856265093346,-0.01605095014862011,0.020000863547385714,False,1.0
forecast_mean,f1_score,Uncertainty Prioritization (RR=0.5),"Combined (RR=0.5, HE/CC/UP/PR=.1/.1/.1/.2)",mlp_prevyears_monthly_features_incremental_scaler_experience_replay_uncertainity_prioritization_RR_0.5,"mlp_combined_HE=0.1_CC=0.1_UP=0.1_PR=(0.2,10)_RR=0.5",-0.001260919236991065,0.005933380734741175,2.7892856265093346,-0.01781081283701202,0.015288974363029891,False,1.0
forecast_mean,f1_score,Hard Example Mining (RR=0.4),Misclassification Buffer (RR=0.4),mlp_prevyears_monthly_features_incremental_scaler_experience_replay_hard_example_mining_RR_0.4,mlp_prevyears_monthly_features_incremental_scaler_missclassification_buffer_RR_0.4,-0.01352694123648096,0.004902486820626392,2.7892856265093346,-0.0272013772594056,0.00014749478644368076,False,0.05697151424287856
forecast_mean,f1_score,Hard Example Mining (RR=0.4),"Combined (RR=0.5, HE/CC/UP/PR=.1/.1/.1/.2)",mlp_prevyears_monthly_features_incremental_scaler_experience_replay_hard_example_mining_RR_0.4,"mlp_combined_HE=0.1_CC=0.1_UP=0.1_PR=(0.2,10)_RR=0.5",-0.016762817172854827,0.009056715747410984,2.7892856265093346,-0.042024584230489034,0.008498949884779377,False,0.4027986006996502
forecast_mean,f1_score,Misclassification Buffer (RR=0.4),"Combined (RR=0.5, HE/CC/UP/PR=.1/.1/.1/.2)",mlp_prevyears_monthly_features_incremental_scaler_missclassification_buffer_RR_0.4,"mlp_combined_HE=0.1_CC=0.1_UP=0.1_PR=(0.2,10)_RR=0.5",-0.0032358759363738665,0.010397448225661054,2.7892856265093346,-0.03223732882458523,0.025765576951837496,False,1.0
forecast_mean,pr_auc,Uniform Random (RR=0.4),"PR Stratification (RR=0.2, PR=0.10)",mlp_prevyears_monthly_features_incremental_scaler_experience_replay_RR_0.4,mlp_prevyears_monthly_features_incremental_scaler_experience_replay_RR_0.2_PR_0.10,-0.0034446285830436185,0.003983812558870397,2.853961781267553,-0.014814277369793424,0.007925020203706187,False,0.9685157421289355
forecast_mean,pr_auc,Uniform Random (RR=0.4),Confidently Correct (RR=0.4),mlp_prevyears_monthly_features_incremental_scaler_experience_replay_RR_0.4,mlp_prevyears_monthly_features_incremental_scaler_experience_replay_confidently_correct_memory_RR_0.4,-0.004552312578685769,0.0034200288599868533,2.853961781267553,-0.014312944235920286,0.0052083190785487486,False,0.7996001999000499
forecast_mean,pr_auc,Uniform Random (RR=0.4),Uncertainty Prioritization (RR=0.5),mlp_prevyears_monthly_features_incremental_scaler_experience_replay_RR_0.4,mlp_prevyears_monthly_features_incremental_scaler_experience_replay_uncertainity_prioritization_RR_0.5,0.001062728749333497,0.003522442693125258,2.853961781267553,-0.00899018807355114,0.011115645572218134,False,1.0
forecast_mean,pr_auc,Uniform Random (RR=0.4),Hard Example Mining (RR=0.4),mlp_prevyears_monthly_features_incremental_scaler_experience_replay_RR_0.4,mlp_prevyears_monthly_features_incremental_scaler_experience_replay_hard_example_mining_RR_0.4,0.01935480714368193,0.00414054480219069,2.853961781267553,0.00753785052460368,0.03117176376276018,True,0.0004997501249375312
forecast_mean,pr_auc,Uniform Random (RR=0.4),Misclassification Buffer (RR=0.4),mlp_prevyears_monthly_features_incremental_scaler_experience_replay_RR_0.4,mlp_prevyears_monthly_features_incremental_scaler_missclassification_buffer_RR_0.4,0.0010271619172136925,0.0047822380265410405,2.853961781267553,-0.012621162639458802,0.014675486473886187,False,1.0
forecast_mean,pr_auc,Uniform Random (RR=0.4),"Combined (RR=0.5, HE/CC/UP/PR=.1/.1/.1/.2)",mlp_prevyears_monthly_features_incremental_scaler_experience_replay_RR_0.4,"mlp_combined_HE=0.1_CC=0.1_UP=0.1_PR=(0.2,10)_RR=0.5",0.0019857759032574362,0.0032849228453990073,2.853961781267553,-0.007389268351923993,0.011360820158438865,False,0.9910044977511244
forecast_mean,pr_auc,"PR Stratification (RR=0.2, PR=0.10)",Confidently Correct (RR=0.4),mlp_prevyears_monthly_features_incremental_scaler_experience_replay_RR_0.2_PR_0.10,mlp_prevyears_monthly_features_incremental_scaler_experience_replay_confidently_correct_memory_RR_0.4,-0.0011076839956421503,0.0037917905777655058,2.853961781267553,-0.011929309387155317,0.009713941395871017,False,1.0
forecast_mean,pr_auc,"PR Stratification (RR=0.2, PR=0.10)",Uncertainty Prioritization (RR=0.5),mlp_prevyears_monthly_features_incremental_scaler_experience_replay_RR_0.2_PR_0.10,mlp_prevyears_monthly_features_incremental_scaler_experience_replay_uncertainity_prioritization_RR_0.5,0.0045073573323771154,0.004280048472492538,2.853961781267553,-0.007707737430089156,0.01672245209484339,False,0.9235382308845578
forecast_mean,pr_auc,"PR Stratification (RR=0.2, PR=0.10)",Hard Example Mining (RR=0.4),mlp_prevyears_monthly_features_incremental_scaler_experience_replay_RR_0.2_PR_0.10,mlp_prevyears_monthly_features_incremental_scaler_experience_replay_hard_example_mining_RR_0.4,0.022799435726725548,0.0044777138997314,2.853961781267553,0.010020211389441641,0.035578660064009456,True,0.0004997501249375312
forecast_mean,pr_auc,"PR Stratification (RR=0.2, PR=0.10)",Misclassification Buffer (RR=0.4),mlp_prevyears_monthly_features_incremental_scaler_experience_replay_RR_0.2_PR_0.10,mlp_prevyears_monthly_features_incremental_scaler_missclassification_buffer_RR_0.4,0.004471790500257311,0.005681986848040273,2.853961781267553,-0.011744382805714517,0.02068796380622914,False,0.9790104947526237
forecast_mean,pr_auc,"PR Stratification (RR=0.2, PR=0.10)","Combined (RR=0.5, HE/CC/UP/PR=.1/.1/.1/.2)",mlp_prevyears_monthly_features_incremental_scaler_experience_replay_RR_0.2_PR_0.10,"mlp_combined_HE=0.1_CC=0.1_UP=0.1_PR=(0.2,10)_RR=0.5",0.005430404486301055,0.004756180695076713,2.853961781267553,-0.008143553442250429,0.019004362414852538,False,0.8930534732633684
forecast_mean,pr_auc,Confidently Correct (RR=0.4),Uncertainty Prioritization (RR=0.5),mlp_prevyears_monthly_features_incremental_scaler_experience_replay_confidently_correct_memory_RR_0.4,mlp_prevyears_monthly_features_incremental_scaler_experience_replay_uncertainity_prioritization_RR_0.5,0.005615041328019266,0.0032269628610353956,2.853961781267553,-0.00359458734694555,0.014824670002984082,False,0.5422288855572214
forecast_mean,pr_auc,Confidently Correct (RR=0.4),Hard Example Mining (RR=0.4),mlp_prevyears_monthly_features_incremental_scaler_experience_replay_confidently_correct_memory_RR_0.4,mlp_prevyears_monthly_features_incremental_scaler_experience_replay_hard_example_mining_RR_0.4,0.023907119722367698,0.005072321560950869,2.853961781267553,0.009430907845114541,0.03838333159962085,True,0.0004997501249375312
forecast_mean,pr_auc,Confidently Correct (RR=0.4),Misclassification Buffer (RR=0.4),mlp_prevyears_monthly_features_incremental_scaler_experience_replay_confidently_correct_memory_RR_0.4,mlp_prevyears_monthly_features_incremental_scaler_missclassification_buffer_RR_0.4,0.005579474495899461,0.006928854712391805,2.853961781267553,-0.014195212041222333,0.025354161033021256,False,0.9760119940029985
forecast_mean,pr_auc,Confidently Correct (RR=0.4),"Combined (RR=0.5, HE/CC/UP/PR=.1/.1/.1/.2)",mlp_prevyears_monthly_features_incremental_scaler_experience_replay_confidently_correct_memory_RR_0.4,"mlp_combined_HE=0.1_CC=0.1_UP=0.1_PR=(0.2,10)_RR=0.5",0.006538088481943205,0.0029449604383372688,2.853961781267553,-0.0018667160564162996,0.01494289302030271,False,0.2518740629685157
forecast_mean,pr_auc,Uncertainty Prioritization (RR=0.5),Hard Example Mining (RR=0.4),mlp_prevyears_monthly_features_incremental_scaler_experience_replay_uncertainity_prioritization_RR_0.5,mlp_prevyears_monthly_features_incremental_scaler_experience_replay_hard_example_mining_RR_0.4,0.018292078394348432,0.005852954330875367,2.853961781267553,0.0015879704265257324,0.03499618636217113,True,0.022488755622188907
forecast_mean,pr_auc,Uncertainty Prioritization (RR=0.5),Misclassification Buffer (RR=0.4),mlp_prevyears_monthly_features_incremental_scaler_experience_replay_uncertainity_prioritization_RR_0.5,mlp_prevyears_monthly_features_incremental_scaler_missclassification_buffer_RR_0.4,-3.556683211980438e-05,0.006709169024297261,2.853961781267553,-0.019183278811528304,0.019112145147288696,False,1.0
forecast_mean,pr_auc,Uncertainty Prioritization (RR=0.5),"Combined (RR=0.5, HE/CC/UP/PR=.1/.1/.1/.2)",mlp_prevyears_monthly_features_incremental_scaler_experience_replay_uncertainity_prioritization_RR_0.5,"mlp_combined_HE=0.1_CC=0.1_UP=0.1_PR=(0.2,10)_RR=0.5",0.0009230471539239393,0.003292573537421031,2.853961781267553,-0.008473831883888594,0.010319926191736472,False,1.0
forecast_mean,pr_auc,Hard Example Mining (RR=0.4),Misclassification Buffer (RR=0.4),mlp_prevyears_monthly_features_incremental_scaler_experience_replay_hard_example_mining_RR_0.4,mlp_prevyears_monthly_features_incremental_scaler_missclassification_buffer_RR_0.4,-0.018327645226468237,0.004725573344863368,2.853961781267553,-0.03181425094728496,-0.00484103950565151,True,0.0014992503748125937
forecast_mean,pr_auc,Hard Example Mining (RR=0.4),"Combined (RR=0.5, HE/CC/UP/PR=.1/.1/.1/.2)",mlp_prevyears_monthly_features_incremental_scaler_experience_replay_hard_example_mining_RR_0.4,"mlp_combined_HE=0.1_CC=0.1_UP=0.1_PR=(0.2,10)_RR=0.5",-0.017369031240424493,0.005612403117409736,2.853961781267553,-0.03338661523857875,-0.0013514472422702373,True,0.0239880059970015
forecast_mean,pr_auc,Misclassification Buffer (RR=0.4),"Combined (RR=0.5, HE/CC/UP/PR=.1/.1/.1/.2)",mlp_prevyears_monthly_features_incremental_scaler_missclassification_buffer_RR_0.4,"mlp_combined_HE=0.1_CC=0.1_UP=0.1_PR=(0.2,10)_RR=0.5",0.0009586139860437437,0.006837784404607249,2.853961781267553,-0.018556161373252656,0.020473389345340143,False,1.0
retention_mean,f1_score,Uniform Random (RR=0.5),"PR Stratification (RR=0.4, PR=0.15)",mlp_prevyears_monthly_features_incremental_scaler_experience_replay_RR_0.5,mlp_prevyears_monthly_features_incremental_scaler_experience_replay_RR_0.4_PR_0.15,-0.005042206448437392,0.004345125386028656,2.8509223312148912,-0.017429821443395214,0.007345408546520429,False,0.8915542228885557
retention_mean,f1_score,Uniform Random (RR=0.5),Confidently Correct (RR=0.2),mlp_prevyears_monthly_features_incremental_scaler_experience_replay_RR_0.5,mlp_prevyears_monthly_features_incremental_scaler_experience_replay_confidently_correct_memory_RR_0.2,-0.0036770314364760193,0.004927941914580015,2.8509223312148912,-0.017726211087682048,0.010372148214730011,False,0.9855072463768116
retention_mean,f1_score,Uniform Random (RR=0.5),Uncertainty Prioritization (RR=0.4),mlp_prevyears_monthly_features_incremental_scaler_experience_replay_RR_0.5,mlp_prevyears_monthly_features_incremental_scaler_experience_replay_uncertainity_prioritization_RR_0.4,-0.014173926066475495,0.005530596755359353,2.8509223312148912,-0.029941227861274095,0.0015933757283231043,False,0.09895052473763119
retention_mean,f1_score,Uniform Random (RR=0.5),Hard Example Mining (RR=0.5),mlp_prevyears_monthly_features_incremental_scaler_experience_replay_RR_0.5,mlp_prevyears_monthly_features_incremental_scaler_experience_replay_hard_example_mining_RR_0.5,0.033358257227962984,0.009187387565425082,2.8509223312148912,0.007165728852166604,0.059550785603759364,True,0.0069965017491254375
retention_mean,f1_score,Uniform Random (RR=0.5),Misclassification Buffer (RR=0.5),mlp_prevyears_monthly_features_incremental_scaler_experience_replay_RR_0.5,mlp_prevyears_monthly_features_incremental_scaler_missclassification_buffer_RR_0.5,0.006424912120077508,0.005685085692331399,2.8509223312148912,-0.009782825635060347,0.022632649875215363,False,0.9015492253873063
retention_mean,f1_score,Uniform Random (RR=0.5),"Combined (RR=0.5, CC/UP/PR=.2/.2/.1)",mlp_prevyears_monthly_features_incremental_scaler_experience_replay_RR_0.5,"mlp_combined_HE=0_CC=0.2_UP=0.2_PR=(0.1,10)_RR=0.5",0.002646878240006645,0.005281496531117029,2.8509223312148912,-0.012410258162788877,0.017704014642802166,False,0.999000499750125
retention_mean,f1_score,"PR Stratification (RR=0.4, PR=0.15)",Confidently Correct (RR=0.2),mlp_prevyears_monthly_features_incremental_scaler_experience_replay_RR_0.4_PR_0.15,mlp_prevyears_monthly_features_incremental_scaler_experience_replay_confidently_correct_memory_RR_0.2,0.0013651750119613726,0.003078509465010726,2.8509223312148912,-0.007411416368694114,0.01014176639261686,False,0.999000499750125
retention_mean,f1_score,"PR Stratification (RR=0.4, PR=0.15)",Uncertainty Prioritization (RR=0.4),mlp_prevyears_monthly_features_incremental_scaler_experience_replay_RR_0.4_PR_0.15,mlp_prevyears_monthly_features_incremental_scaler_experience_replay_uncertainity_prioritization_RR_0.4,-0.009131719618038103,0.0032223428832908537,2.8509223312148912,-0.018318368902843378,5.4929666767171426e-05,False,0.05347326336831584
retention_mean,f1_score,"PR Stratification (RR=0.4, PR=0.15)",Hard Example Mining (RR=0.5),mlp_prevyears_monthly_features_incremental_scaler_experience_replay_RR_0.4_PR_0.15,mlp_prevyears_monthly_features_incremental_scaler_experience_replay_hard_example_mining_RR_0.5,0.038400463676400376,0.006152100701623148,2.8509223312148912,0.020861302402260144,0.05593962495054061,True,0.0004997501249375312
retention_mean,f1_score,"PR Stratification (RR=0.4, PR=0.15)",Misclassification Buffer (RR=0.5),mlp_prevyears_monthly_features_incremental_scaler_experience_replay_RR_0.4_PR_0.15,mlp_prevyears_monthly_features_incremental_scaler_missclassification_buffer_RR_0.5,0.0114671185685149,0.003084362196282426,2.8509223312148912,0.0026738415055783255,0.020260395631451475,True,0.006496751624187906
retention_mean,f1_score,"PR Stratification (RR=0.4, PR=0.15)","Combined (RR=0.5, CC/UP/PR=.2/.2/.1)",mlp_prevyears_monthly_features_incremental_scaler_experience_replay_RR_0.4_PR_0.15,"mlp_combined_HE=0_CC=0.2_UP=0.2_PR=(0.1,10)_RR=0.5",0.007689084688444037,0.0031374573846048542,2.8509223312148912,-0.0012555626325610105,0.016633732009449086,False,0.12593703148425786
retention_mean,f1_score,Confidently Correct (RR=0.2),Uncertainty Prioritization (RR=0.4),mlp_prevyears_monthly_features_incremental_scaler_experience_replay_confidently_correct_memory_RR_0.2,mlp_prevyears_monthly_features_incremental_scaler_experience_replay_uncertainity_prioritization_RR_0.4,-0.010496894629999476,0.003951719701884626,2.8509223312148912,-0.02176294057480421,0.0007691513148052574,False,0.0814592703648176
retention_mean,f1_score,Confidently Correct (RR=0.2),Hard Example Mining (RR=0.5),mlp_prevyears_monthly_features_incremental_scaler_experience_replay_confidently_correct_memory_RR_0.2,mlp_prevyears_monthly_features_incremental_scaler_experience_replay_hard_example_mining_RR_0.5,0.037035288664439,0.006112127131141704,2.8509223312148912,0.01961008893504271,0.0544604883938353,True,0.0004997501249375312
retention_mean,f1_score,Confidently Correct (RR=0.2),Misclassification Buffer (RR=0.5),mlp_prevyears_monthly_features_incremental_scaler_experience_replay_confidently_correct_memory_RR_0.2,mlp_prevyears_monthly_features_incremental_scaler_missclassification_buffer_RR_0.5,0.010101943556553528,0.003612399423311121,2.8509223312148912,-0.00019672662863194287,0.020400613741738998,False,0.06046976511744128
retention_mean,f1_score,Confidently Correct (RR=0.2),"Combined (RR=0.5, CC/UP/PR=.2/.2/.1)",mlp_prevyears_monthly_features_incremental_scaler_experience_replay_confidently_correct_memory_RR_0.2,"mlp_combined_HE=0_CC=0.2_UP=0.2_PR=(0.1,10)_RR=0.5",0.006323909676482664,0.003936625904882904,2.8509223312148912,-0.004899105025387035,0.017546924378352362,False,0.6271864067966016
retention_mean,f1_score,Uncertainty Prioritization (RR=0.4),Hard Example Mining (RR=0.5),mlp_prevyears_monthly_features_incremental_scaler_experience_replay_uncertainity_prioritization_RR_0.4,mlp_prevyears_monthly_features_incremental_scaler_experience_replay_hard_example_mining_RR_0.5,0.04753218329443848,0.005893034540871129,2.8509223312148912,0.030731599523248283,0.06433276706562868,True,0.0004997501249375312
retention_mean,f1_score,Uncertainty Prioritization (RR=0.4),Misclassification Buffer (RR=0.5),mlp_prevyears_monthly_features_incremental_scaler_experience_replay_uncertainity_prioritization_RR_0.4,mlp_prevyears_monthly_features_incremental_scaler_missclassification_buffer_RR_0.5,0.020598838186553003,0.0032705082211111356,2.8509223312148912,0.011274873264565378,0.02992280310854063,True,0.0004997501249375312
retention_mean,f1_score,Uncertainty Prioritization (RR=0.4),"Combined (RR=0.5, CC/UP/PR=.2/.2/.1)",mlp_prevyears_monthly_features_incremental_scaler_experience_replay_uncertainity_prioritization_RR_0.4,"mlp_combined_HE=0_CC=0.2_UP=0.2_PR=(0.1,10)_RR=0.5",0.01682080430648214,0.002955576772264236,2.8509223312148912,0.008394684484814,0.02524692412815028,True,0.0004997501249375312
retention_mean,f1_score,Hard Example Mining (RR=0.5),Misclassification Buffer (RR=0.5),mlp_prevyears_monthly_features_incremental_scaler_experience_replay_hard_example_mining_RR_0.5,mlp_prevyears_monthly_features_incremental_scaler_missclassification_buffer_RR_0.5,-0.026933345107885476,0.005121804799094302,2.8509223312148912,-0.04153521278574702,-0.012331477430023932,True,0.0004997501249375312
retention_mean,f1_score,Hard Example Mining (RR=0.5),"Combined (RR=0.5, CC/UP/PR=.2/.2/.1)",mlp_prevyears_monthly_features_incremental_scaler_experience_replay_hard_example_mining_RR_0.5,"mlp_combined_HE=0_CC=0.2_UP=0.2_PR=(0.1,10)_RR=0.5",-0.03071137898795634,0.0054605185007753,2.8509223312148912,-0.0462788931218287,-0.015143864854083979,True,0.0004997501249375312
retention_mean,f1_score,Misclassification Buffer (RR=0.5),"Combined (RR=0.5, CC/UP/PR=.2/.2/.1)",mlp_prevyears_monthly_features_incremental_scaler_missclassification_buffer_RR_0.5,"mlp_combined_HE=0_CC=0.2_UP=0.2_PR=(0.1,10)_RR=0.5",-0.0037780338800708635,0.003265249361002983,2.8509223312148912,-0.013087006200339422,0.005530938440197695,False,0.8920539730134932
retention_mean,pr_auc,Uniform Random (RR=0.5),"PR Stratification (RR=0.4, PR=0.15)",mlp_prevyears_monthly_features_incremental_scaler_experience_replay_RR_0.5,mlp_prevyears_monthly_features_incremental_scaler_experience_replay_RR_0.4_PR_0.15,-0.007147845542537445,0.004310323889648827,2.850542433340804,-0.019434606691424015,0.005138915606349123,False,0.6206896551724138
retention_mean,pr_auc,Uniform Random (RR=0.5),Confidently Correct (RR=0.2),mlp_prevyears_monthly_features_incremental_scaler_experience_replay_RR_0.5,mlp_prevyears_monthly_features_incremental_scaler_experience_replay_confidently_correct_memory_RR_0.2,-0.004837231477092807,0.005235923958954591,2.850542433340804,-0.019762454899838643,0.010087991945653029,False,0.9650174912543729
retention_mean,pr_auc,Uniform Random (RR=0.5),Uncertainty Prioritization (RR=0.4),mlp_prevyears_monthly_features_incremental_scaler_experience_replay_RR_0.5,mlp_prevyears_monthly_features_incremental_scaler_experience_replay_uncertainity_prioritization_RR_0.4,-0.011475039229630446,0.005577283340328212,2.850542433340804,-0.027373322054000757,0.004423243594739865,False,0.3378310844577711
retention_mean,pr_auc,Uniform Random (RR=0.5),Hard Example Mining (RR=0.5),mlp_prevyears_monthly_features_incremental_scaler_experience_replay_RR_0.5,mlp_prevyears_monthly_features_incremental_scaler_experience_replay_hard_example_mining_RR_0.5,0.04293965805447353,0.008625450690833572,2.850542433340804,0.018352444853563677,0.06752687125538338,True,0.0009995002498750624
retention_mean,pr_auc,Uniform Random (RR=0.5),Misclassification Buffer (RR=0.5),mlp_prevyears_monthly_features_incremental_scaler_experience_replay_RR_0.5,mlp_prevyears_monthly_features_incremental_scaler_missclassification_buffer_RR_0.5,0.005257950506525166,0.004753499851073728,2.850542433340804,-0.008292102525839689,0.01880800353889002,False,0.9145427286356822
retention_mean,pr_auc,Uniform Random (RR=0.5),"Combined (RR=0.5, CC/UP/PR=.2/.2/.1)",mlp_prevyears_monthly_features_incremental_scaler_experience_replay_RR_0.5,"mlp_combined_HE=0_CC=0.2_UP=0.2_PR=(0.1,10)_RR=0.5",0.003612068669541224,0.005581791600960621,2.850542433340804,-0.012299065143062327,0.019523202482144775,False,0.9960019990004998
retention_mean,pr_auc,"PR Stratification (RR=0.4, PR=0.15)",Confidently Correct (RR=0.2),mlp_prevyears_monthly_features_incremental_scaler_experience_replay_RR_0.4_PR_0.15,mlp_prevyears_monthly_features_incremental_scaler_experience_replay_confidently_correct_memory_RR_0.2,0.0023106140654446383,0.002732251169198106,2.850542433340804,-0.005477783830899587,0.010099011961788864,False,0.9760119940029985
retention_mean,pr_auc,"PR Stratification (RR=0.4, PR=0.15)",Uncertainty Prioritization (RR=0.4),mlp_prevyears_monthly_features_incremental_scaler_experience_replay_RR_0.4_PR_0.15,mlp_prevyears_monthly_features_incremental_scaler_experience_replay_uncertainity_prioritization_RR_0.4,-0.0043271936870930006,0.003565858003405844,2.850542433340804,-0.014491823237069277,0.0058374358628832754,False,0.8745627186406797
retention_mean,pr_auc,"PR Stratification (RR=0.4, PR=0.15)",Hard Example Mining (RR=0.5),mlp_prevyears_monthly_features_incremental_scaler_experience_replay_RR_0.4_PR_0.15,mlp_prevyears_monthly_features_incremental_scaler_experience_replay_hard_example_mining_RR_0.5,0.050087503597010974,0.006398843683958739,2.850542433340804,0.03184732815157179,0.06832767904245016,True,0.0004997501249375312
retention_mean,pr_auc,"PR Stratification (RR=0.4, PR=0.15)",Misclassification Buffer (RR=0.5),mlp_prevyears_monthly_features_incremental_scaler_experience_replay_RR_0.4_PR_0.15,mlp_prevyears_monthly_features_incremental_scaler_missclassification_buffer_RR_0.5,0.012405796049062612,0.0038867060618259595,2.850542433340804,0.0013265754939047886,0.023485016604220435,True,0.020989505247376312
retention_mean,pr_auc,"PR Stratification (RR=0.4, PR=0.15)","Combined (RR=0.5, CC/UP/PR=.2/.2/.1)",mlp_prevyears_monthly_features_incremental_scaler_experience_replay_RR_0.4_PR_0.15,"mlp_combined_HE=0_CC=0.2_UP=0.2_PR=(0.1,10)_RR=0.5",0.01075991421207867,0.0038341649433807283,2.850542433340804,-0.00016953565545583735,0.021689364079613176,False,0.06046976511744128
retention_mean,pr_auc,Confidently Correct (RR=0.2),Uncertainty Prioritization (RR=0.4),mlp_prevyears_monthly_features_incremental_scaler_experience_replay_confidently_correct_memory_RR_0.2,mlp_prevyears_monthly_features_incremental_scaler_experience_replay_uncertainity_prioritization_RR_0.4,-0.006637807752537639,0.003535307877495712,2.850542433340804,-0.01671535287226318,0.0034397373671879016,False,0.4607696151924038
retention_mean,pr_auc,Confidently Correct (RR=0.2),Hard Example Mining (RR=0.5),mlp_prevyears_monthly_features_incremental_scaler_experience_replay_confidently_correct_memory_RR_0.2,mlp_prevyears_monthly_features_incremental_scaler_experience_replay_hard_example_mining_RR_0.5,0.047776889531566336,0.006119580885155059,2.850542433340804,0.03033276454417056,0.06522101451896212,True,0.0004997501249375312
retention_mean,pr_auc,Confidently Correct (RR=0.2),Misclassification Buffer (RR=0.5),mlp_prevyears_monthly_features_incremental_scaler_experience_replay_confidently_correct_memory_RR_0.2,mlp_prevyears_monthly_features_incremental_scaler_missclassification_buffer_RR_0.5,0.010095181983617973,0.0038401979282140235,2.850542433340804,-0.000851465163183544,0.021041829130419493,False,0.09145427286356822
retention_mean,pr_auc,Confidently Correct (RR=0.2),"Combined (RR=0.5, CC/UP/PR=.2/.2/.1)",mlp_prevyears_monthly_features_incremental_scaler_experience_replay_confidently_correct_memory_RR_0.2,"mlp_combined_HE=0_CC=0.2_UP=0.2_PR=(0.1,10)_RR=0.5",0.008449300146634031,0.003847167806037287,2.850542433340804,-0.002517214932657899,0.01941581522592596,False,0.24537731134432783
retention_mean,pr_auc,Uncertainty Prioritization (RR=0.4),Hard Example Mining (RR=0.5),mlp_prevyears_monthly_features_incremental_scaler_experience_replay_uncertainity_prioritization_RR_0.4,mlp_prevyears_monthly_features_incremental_scaler_experience_replay_hard_example_mining_RR_0.5,0.054414697284103974,0.005949252921276196,2.850542433340804,0.03745609938532944,0.07137329518287851,True,0.0004997501249375312
retention_mean,pr_auc,Uncertainty Prioritization (RR=0.4),Misclassification Buffer (RR=0.5),mlp_prevyears_monthly_features_incremental_scaler_experience_replay_uncertainity_prioritization_RR_0.4,mlp_prevyears_monthly_features_incremental_scaler_missclassification_buffer_RR_0.5,0.016732989736155612,0.003173274591090484,2.850542433340804,0.00768743586161,0.025778543610701227,True,0.0009995002498750624
retention_mean,pr_auc,Uncertainty Prioritization (RR=0.4),"Combined (RR=0.5, CC/UP/PR=.2/.2/.1)",mlp_prevyears_monthly_features_incremental_scaler_experience_replay_uncertainity_prioritization_RR_0.4,"mlp_combined_HE=0_CC=0.2_UP=0.2_PR=(0.1,10)_RR=0.5",0.01508710789917167,0.0032907170978705214,2.850542433340804,0.005706779175571644,0.024467436622771697,True,0.0009995002498750624
retention_mean,pr_auc,Hard Example Mining (RR=0.5),Misclassification Buffer (RR=0.5),mlp_prevyears_monthly_features_incremental_scaler_experience_replay_hard_example_mining_RR_0.5,mlp_prevyears_monthly_features_incremental_scaler_missclassification_buffer_RR_0.5,-0.03768170754794836,0.005808976279579747,2.850542433340804,-0.05424044092716063,-0.0211229741687361,True,0.0004997501249375312
retention_mean,pr_auc,Hard Example Mining (RR=0.5),"Combined (RR=0.5, CC/UP/PR=.2/.2/.1)",mlp_prevyears_monthly_features_incremental_scaler_experience_replay_hard_example_mining_RR_0.5,"mlp_combined_HE=0_CC=0.2_UP=0.2_PR=(0.1,10)_RR=0.5",-0.039327589384932304,0.005142001446441091,2.850542433340804,-0.05398508270031242,-0.024670096069552182,True,0.0004997501249375312
retention_mean,pr_auc,Misclassification Buffer (RR=0.5),"Combined (RR=0.5, CC/UP/PR=.2/.2/.1)",mlp_prevyears_monthly_features_incremental_scaler_missclassification_buffer_RR_0.5,"mlp_combined_HE=0_CC=0.2_UP=0.2_PR=(0.1,10)_RR=0.5",-0.0016458818369839423,0.0031264336243829243,2.850542433340804,-0.010557913548310953,0.007266149874343068,False,0.9985007496251874
retention_2017,f1_score,Uniform Random (RR=0.5),"PR Stratification (RR=0.4, PR=0.15)",mlp_prevyears_monthly_features_incremental_scaler_experience_replay_RR_0.5,mlp_prevyears_monthly_features_incremental_scaler_experience_replay_RR_0.4_PR_0.15,0.003039096359109761,0.010529257300706573,2.9207646677969685,-0.027714386342937276,0.0337925790611568,False,1.0
retention_2017,f1_score,Uniform Random (RR=0.5),Confidently Correct (RR=0.2),mlp_prevyears_monthly_features_incremental_scaler_experience_replay_RR_0.5,mlp_prevyears_monthly_features_incremental_scaler_experience_replay_confidently_correct_memory_RR_0.2,0.008390416510439702,0.007601256778944608,2.9207646677969685,-0.013811065720353902,0.030591898741233307,False,0.9035482258870565
retention_2017,f1_score,Uniform Random (RR=0.5),Uncertainty Prioritization (RR=0.4),mlp_prevyears_monthly_features_incremental_scaler_experience_replay_RR_0.5,mlp_prevyears_monthly_features_incremental_scaler_experience_replay_uncertainity_prioritization_RR_0.4,-0.0043285452486157006,0.008260254853435227,2.9207646677969685,-0.028454805771527737,0.019797715274296336,False,0.999000499750125
retention_2017,f1_score,Uniform Random (RR=0.5),Hard Example Mining (RR=0.5),mlp_prevyears_monthly_features_incremental_scaler_experience_replay_RR_0.5,mlp_prevyears_monthly_features_incremental_scaler_experience_replay_hard_example_mining_RR_0.5,0.06101603250172066,0.017380202466320892,2.9207646677969685,0.01025255121893287,0.11177951378450846,True,0.0069965017491254375
retention_2017,f1_score,Uniform Random (RR=0.5),Misclassification Buffer (RR=0.5),mlp_prevyears_monthly_features_incremental_scaler_experience_replay_RR_0.5,mlp_prevyears_monthly_features_incremental_scaler_missclassification_buffer_RR_0.5,0.052946083917754766,0.013797511559712124,2.9207646677969685,0.01264679965062735,0.09324536818488219,True,0.0034982508745627187
retention_2017,f1_score,Uniform Random (RR=0.5),"Combined (RR=0.5, CC/UP/PR=.2/.2/.1)",mlp_prevyears_monthly_features_incremental_scaler_experience_replay_RR_0.5,"mlp_combined_HE=0_CC=0.2_UP=0.2_PR=(0.1,10)_RR=0.5",0.023266485901357215,0.010778686994984847,2.9207646677969685,-0.00821552223883721,0.05474849404155164,False,0.2813593203398301
retention_2017,f1_score,"PR Stratification (RR=0.4, PR=0.15)",Confidently Correct (RR=0.2),mlp_prevyears_monthly_features_incremental_scaler_experience_replay_RR_0.4_PR_0.15,mlp_prevyears_monthly_features_incremental_scaler_experience_replay_confidently_correct_memory_RR_0.2,0.005351320151329941,0.011021208761736482,2.9207646677969685,-0.026839036996364356,0.03754167729902424,False,0.999000499750125
retention_2017,f1_score,"PR Stratification (RR=0.4, PR=0.15)",Uncertainty Prioritization (RR=0.4),mlp_prevyears_monthly_features_incremental_scaler_experience_replay_RR_0.4_PR_0.15,mlp_prevyears_monthly_features_incremental_scaler_experience_replay_uncertainity_prioritization_RR_0.4,-0.007367641607725461,0.010405695074423278,2.9207646677969685,-0.037760228124969916,0.023024944909518997,False,0.9860069965017492
retention_2017,f1_score,"PR Stratification (RR=0.4, PR=0.15)",Hard Example Mining (RR=0.5),mlp_prevyears_monthly_features_incremental_scaler_experience_replay_RR_0.4_PR_0.15,mlp_prevyears_monthly_features_incremental_scaler_experience_replay_hard_example_mining_RR_0.5,0.0579769361426109,0.015438093962086265,2.9207646677969685,0.012885896760019624,0.10306797552520218,True,0.00399800099950025
retention_2017,f1_score,"PR Stratification (RR=0.4, PR=0.15)",Misclassification Buffer (RR=0.5),mlp_prevyears_monthly_features_incremental_scaler_experience_replay_RR_0.4_PR_0.15,mlp_prevyears_monthly_features_incremental_scaler_missclassification_buffer_RR_0.5,0.049906987558645005,0.009902186712800373,2.9207646677969685,0.020985030473969067,0.07882894464332094,True,0.0004997501249375312
retention_2017,f1_score,"PR Stratification (RR=0.4, PR=0.15)","Combined (RR=0.5, CC/UP/PR=.2/.2/.1)",mlp_prevyears_monthly_features_incremental_scaler_experience_replay_RR_0.4_PR_0.15,"mlp_combined_HE=0_CC=0.2_UP=0.2_PR=(0.1,10)_RR=0.5",0.020227389542247454,0.00966454275612842,2.9207646677969685,-0.008000465470265571,0.04845524455476048,False,0.31634182908545727
retention_2017,f1_score,Confidently Correct (RR=0.2),Uncertainty Prioritization (RR=0.4),mlp_prevyears_monthly_features_incremental_scaler_experience_replay_confidently_correct_memory_RR_0.2,mlp_prevyears_monthly_features_incremental_scaler_experience_replay_uncertainity_prioritization_RR_0.4,-0.012718961759055403,0.009364381276533372,2.9207646677969685,-0.04007011572733355,0.014632192209222745,False,0.784607696151924
retention_2017,f1_score,Confidently Correct (RR=0.2),Hard Example Mining (RR=0.5),mlp_prevyears_monthly_features_incremental_scaler_experience_replay_confidently_correct_memory_RR_0.2,mlp_prevyears_monthly_features_incremental_scaler_experience_replay_hard_example_mining_RR_0.5,0.05262561599128096,0.014763367994174647,2.9207646677969685,0.009505292376211054,0.09574593960635086,True,0.0069965017491254375
retention_2017,f1_score,Confidently Correct (RR=0.2),Misclassification Buffer (RR=0.5),mlp_prevyears_monthly_features_incremental_scaler_experience_replay_confidently_correct_memory_RR_0.2,mlp_prevyears_monthly_features_incremental_scaler_missclassification_buffer_RR_0.5,0.044555667407315064,0.01271346440180623,2.9207646677969685,0.0074226297772249095,0.08168870503740522,True,0.0069965017491254375
retention_2017,f1_score,Confidently Correct (RR=0.2),"Combined (RR=0.5, CC/UP/PR=.2/.2/.1)",mlp_prevyears_monthly_features_incremental_scaler_experience_replay_confidently_correct_memory_RR_0.2,"mlp_combined_HE=0_CC=0.2_UP=0.2_PR=(0.1,10)_RR=0.5",0.014876069390917512,0.010268067748702184,2.9207646677969685,-0.015114540096037389,0.044866678877872414,False,0.7411294352823589
retention_2017,f1_score,Uncertainty Prioritization (RR=0.4),Hard Example Mining (RR=0.5),mlp_prevyears_monthly_features_incremental_scaler_experience_replay_uncertainity_prioritization_RR_0.4,mlp_prevyears_monthly_features_incremental_scaler_experience_replay_hard_example_mining_RR_0.5,0.06534457775033636,0.01598934283415954,2.9207646677969685,0.018643470139030532,0.1120456853616422,True,0.0014992503748125937
retention_2017,f1_score,Uncertainty Prioritization (RR=0.4),Misclassification Buffer (RR=0.5),mlp_prevyears_monthly_features_incremental_scaler_experience_replay_uncertainity_prioritization_RR_0.4,mlp_prevyears_monthly_features_incremental_scaler_missclassification_buffer_RR_0.5,0.057274629166370467,0.012219517798906282,2.9207646677969685,0.021584293321808813,0.09296496501093213,True,0.0009995002498750624
retention_2017,f1_score,Uncertainty Prioritization (RR=0.4),"Combined (RR=0.5, CC/UP/PR=.2/.2/.1)",mlp_prevyears_monthly_features_incremental_scaler_experience_replay_uncertainity_prioritization_RR_0.4,"mlp_combined_HE=0_CC=0.2_UP=0.2_PR=(0.1,10)_RR=0.5",0.027595031149972915,0.010222062679690749,2.9207646677969685,-0.002261208356873823,0.05745127065681965,False,0.08445777111444278
retention_2017,f1_score,Hard Example Mining (RR=0.5),Misclassification Buffer (RR=0.5),mlp_prevyears_monthly_features_incremental_scaler_experience_replay_hard_example_mining_RR_0.5,mlp_prevyears_monthly_features_incremental_scaler_missclassification_buffer_RR_0.5,-0.008069948583965897,0.014970521791678083,2.9207646677969685,-0.05179531969158381,0.03565542252365202,False,0.9985007496251874
retention_2017,f1_score,Hard Example Mining (RR=0.5),"Combined (RR=0.5, CC/UP/PR=.2/.2/.1)",mlp_prevyears_monthly_features_incremental_scaler_experience_replay_hard_example_mining_RR_0.5,"mlp_combined_HE=0_CC=0.2_UP=0.2_PR=(0.1,10)_RR=0.5",-0.03774954660036345,0.011175282610622969,2.9207646677969685,-0.07038991720211688,-0.005109175998610015,True,0.01249375312343828
retention_2017,f1_score,Misclassification Buffer (RR=0.5),"Combined (RR=0.5, CC/UP/PR=.2/.2/.1)",mlp_prevyears_monthly_features_incremental_scaler_missclassification_buffer_RR_0.5,"mlp_combined_HE=0_CC=0.2_UP=0.2_PR=(0.1,10)_RR=0.5",-0.02967959801639755,0.012039430146057375,2.9207646677969685,-0.06484394020741163,0.005484744174616522,False,0.15242378810594703
retention_2017,pr_auc,Uniform Random (RR=0.5),"PR Stratification (RR=0.4, PR=0.15)",mlp_prevyears_monthly_features_incremental_scaler_experience_replay_RR_0.5,mlp_prevyears_monthly_features_incremental_scaler_experience_replay_RR_0.4_PR_0.15,-0.003596297947895233,0.00979322069878192,2.877896069248299,-0.0317801693022008,0.024587573406410334,False,1.0
retention_2017,pr_auc,Uniform Random (RR=0.5),Confidently Correct (RR=0.2),mlp_prevyears_monthly_features_incremental_scaler_experience_replay_RR_0.5,mlp_prevyears_monthly_features_incremental_scaler_experience_replay_confidently_correct_memory_RR_0.2,-0.0053742215818677885,0.007766389954037904,2.877896069248299,-0.027725084702842948,0.01697664153910737,False,0.992503748125937
retention_2017,pr_auc,Uniform Random (RR=0.5),Uncertainty Prioritization (RR=0.4),mlp_prevyears_monthly_features_incremental_scaler_experience_replay_RR_0.5,mlp_prevyears_monthly_features_incremental_scaler_experience_replay_uncertainity_prioritization_RR_0.4,0.0044299317917664005,0.008232104770777404,2.877896069248299,-0.019261210169694058,0.02812107375322686,False,0.9970014992503748
retention_2017,pr_auc,Uniform Random (RR=0.5),Hard Example Mining (RR=0.5),mlp_prevyears_monthly_features_incremental_scaler_experience_replay_RR_0.5,mlp_prevyears_monthly_features_incremental_scaler_experience_replay_hard_example_mining_RR_0.5,0.06327656721100539,0.01623363574539169,2.877896069248299,0.016557850709733965,0.1099952837122768,True,0.004497751124437781
retention_2017,pr_auc,Uniform Random (RR=0.5),Misclassification Buffer (RR=0.5),mlp_prevyears_monthly_features_incremental_scaler_experience_replay_RR_0.5,mlp_prevyears_monthly_features_incremental_scaler_missclassification_buffer_RR_0.5,0.03645957290214555,0.012235635070006953,2.877896069248299,0.0012466868294159009,0.0716724589748752,True,0.04097951024487756
retention_2017,pr_auc,Uniform Random (RR=0.5),"Combined (RR=0.5, CC/UP/PR=.2/.2/.1)",mlp_prevyears_monthly_features_incremental_scaler_experience_replay_RR_0.5,"mlp_combined_HE=0_CC=0.2_UP=0.2_PR=(0.1,10)_RR=0.5",0.02939258131024733,0.012060452071422178,2.877896069248299,-0.005316146299456065,0.06410130891995072,False,0.16941529235382308
retention_2017,pr_auc,"PR Stratification (RR=0.4, PR=0.15)",Confidently Correct (RR=0.2),mlp_prevyears_monthly_features_incremental_scaler_experience_replay_RR_0.4_PR_0.15,mlp_prevyears_monthly_features_incremental_scaler_experience_replay_confidently_correct_memory_RR_0.2,-0.0017779236339725557,0.011012582305078497,2.877896069248299,-0.033470990962031336,0.029915143694086224,False,1.0
retention_2017,pr_auc,"PR Stratification (RR=0.4, PR=0.15)",Uncertainty Prioritization (RR=0.4),mlp_prevyears_monthly_features_incremental_scaler_experience_replay_RR_0.4_PR_0.15,mlp_prevyears_monthly_features_incremental_scaler_experience_replay_uncertainity_prioritization_RR_0.4,0.008026229739661633,0.009888305058544237,2.877896069248299,-0.020431284519850896,0.03648374399917416,False,0.9790104947526237
retention_2017,pr_auc,"PR Stratification (RR=0.4, PR=0.15)",Hard Example Mining (RR=0.5),mlp_prevyears_monthly_features_incremental_scaler_experience_replay_RR_0.4_PR_0.15,mlp_prevyears_monthly_features_incremental_scaler_experience_replay_hard_example_mining_RR_0.5,0.06687286515890062,0.016199278037722285,2.877896069248299,0.02025302656947936,0.11349270374832188,True,0.0024987506246876563
retention_2017,pr_auc,"PR Stratification (RR=0.4, PR=0.15)",Misclassification Buffer (RR=0.5),mlp_prevyears_monthly_features_incremental_scaler_experience_replay_RR_0.4_PR_0.15,mlp_prevyears_monthly_features_incremental_scaler_missclassification_buffer_RR_0.5,0.04005587085004078,0.011684013886616764,2.877896069248299,0.006430493212703857,0.0736812484873777,True,0.015492253873063468
retention_2017,pr_auc,"PR Stratification (RR=0.4, PR=0.15)","Combined (RR=0.5, CC/UP/PR=.2/.2/.1)",mlp_prevyears_monthly_features_incremental_scaler_experience_replay_RR_0.4_PR_0.15,"mlp_combined_HE=0_CC=0.2_UP=0.2_PR=(0.1,10)_RR=0.5",0.03298887925814256,0.012241761141052278,2.877896069248299,-0.0022416370103683567,0.06821939552665349,False,0.09345327336331834
retention_2017,pr_auc,Confidently Correct (RR=0.2),Uncertainty Prioritization (RR=0.4),mlp_prevyears_monthly_features_incremental_scaler_experience_replay_confidently_correct_memory_RR_0.2,mlp_prevyears_monthly_features_incremental_scaler_experience_replay_uncertainity_prioritization_RR_0.4,0.009804153373634189,0.010918109445687881,2.877896069248299,-0.021617030883733686,0.041225337631002064,False,0.9645177411294353
retention_2017,pr_auc,Confidently Correct (RR=0.2),Hard Example Mining (RR=0.5),mlp_prevyears_monthly_features_incremental_scaler_experience_replay_confidently_correct_memory_RR_0.2,mlp_prevyears_monthly_features_incremental_scaler_experience_replay_hard_example_mining_RR_0.5,0.06865078879287317,0.014153282824067873,2.877896069248299,0.027919111786528783,0.10938246579921757,True,0.0004997501249375312
retention_2017,pr_auc,Confidently Correct (RR=0.2),Misclassification Buffer (RR=0.5),mlp_prevyears_monthly_features_incremental_scaler_experience_replay_confidently_correct_memory_RR_0.2,mlp_prevyears_monthly_features_incremental_scaler_missclassification_buffer_RR_0.5,0.04183379448401334,0.011843637073476142,2.877896069248299,0.007749037904652922,0.07591855106337375,True,0.010494752623688156
retention_2017,pr_auc,Confidently Correct (RR=0.2),"Combined (RR=0.5, CC/UP/PR=.2/.2/.1)",mlp_prevyears_monthly_features_incremental_scaler_experience_replay_confidently_correct_memory_RR_0.2,"mlp_combined_HE=0_CC=0.2_UP=0.2_PR=(0.1,10)_RR=0.5",0.03476680289211512,0.0114679122139872,2.877896069248299,0.0017633434089967953,0.06777026237523344,True,0.0384807596201899
retention_2017,pr_auc,Uncertainty Prioritization (RR=0.4),Hard Example Mining (RR=0.5),mlp_prevyears_monthly_features_incremental_scaler_experience_replay_uncertainity_prioritization_RR_0.4,mlp_prevyears_monthly_features_incremental_scaler_experience_replay_hard_example_mining_RR_0.5,0.058846635419238985,0.013927816293786179,2.877896069248299,0.01876382765413933,0.09892944318433863,True,0.0024987506246876563
retention_2017,pr_auc,Uncertainty Prioritization (RR=0.4),Misclassification Buffer (RR=0.5),mlp_prevyears_monthly_features_incremental_scaler_experience_replay_uncertainity_prioritization_RR_0.4,mlp_prevyears_monthly_features_incremental_scaler_missclassification_buffer_RR_0.5,0.03202964111037915,0.009870473289358365,2.877896069248299,0.0036234448293143845,0.06043583739144391,True,0.0239880059970015
retention_2017,pr_auc,Uncertainty Prioritization (RR=0.4),"Combined (RR=0.5, CC/UP/PR=.2/.2/.1)",mlp_prevyears_monthly_features_incremental_scaler_experience_replay_uncertainity_prioritization_RR_0.4,"mlp_combined_HE=0_CC=0.2_UP=0.2_PR=(0.1,10)_RR=0.5",0.02496264951848093,0.01049628629756776,2.877896069248299,-0.005244571558994111,0.05516987059595597,False,0.18940529735132433
retention_2017,pr_auc,Hard Example Mining (RR=0.5),Misclassification Buffer (RR=0.5),mlp_prevyears_monthly_features_incremental_scaler_experience_replay_hard_example_mining_RR_0.5,mlp_prevyears_monthly_features_incremental_scaler_missclassification_buffer_RR_0.5,-0.026816994308859837,0.010989595035167651,2.877896069248299,-0.058443906663199444,0.004809918045479769,False,0.16941529235382308
retention_2017,pr_auc,Hard Example Mining (RR=0.5),"Combined (RR=0.5, CC/UP/PR=.2/.2/.1)",mlp_prevyears_monthly_features_incremental_scaler_experience_replay_hard_example_mining_RR_0.5,"mlp_combined_HE=0_CC=0.2_UP=0.2_PR=(0.1,10)_RR=0.5",-0.03388398590075806,0.010363694591655566,2.877896069248299,-0.06370962182897347,-0.00405834997254265,True,0.02348825587206397
retention_2017,pr_auc,Misclassification Buffer (RR=0.5),"Combined (RR=0.5, CC/UP/PR=.2/.2/.1)",mlp_prevyears_monthly_features_incremental_scaler_missclassification_buffer_RR_0.5,"mlp_combined_HE=0_CC=0.2_UP=0.2_PR=(0.1,10)_RR=0.5",-0.00706699159189822,0.010212467615184783,2.877896069248299,-0.03645741199896406,0.022323428815167617,False,0.992503748125937
forecast_at_retention_config,f1_score,Uniform Random (RR=0.5),"PR Stratification (RR=0.4, PR=0.15)",mlp_prevyears_monthly_features_incremental_scaler_experience_replay_RR_0.5,mlp_prevyears_monthly_features_incremental_scaler_experience_replay_RR_0.4_PR_0.15,-0.002136809280971319,0.004932044013707889,2.8300340050358663,-0.016094661554098225,0.011821042992155587,False,0.9975012493753124
forecast_at_retention_config,f1_score,Uniform Random (RR=0.5),Confidently Correct (RR=0.2),mlp_prevyears_monthly_features_incremental_scaler_experience_replay_RR_0.5,mlp_prevyears_monthly_features_incremental_scaler_experience_replay_confidently_correct_memory_RR_0.2,0.006821253053474308,0.004959795144028604,2.8300340050358663,-0.007215135862138403,0.02085764196908702,False,0.767616191904048
forecast_at_retention_config,f1_score,Uniform Random (RR=0.5),Uncertainty Prioritization (RR=0.4),mlp_prevyears_monthly_features_incremental_scaler_experience_replay_RR_0.5,mlp_prevyears_monthly_features_incremental_scaler_experience_replay_uncertainity_prioritization_RR_0.4,0.018882262797331628,0.007190555546207586,2.8300340050358663,-0.001467253913535086,0.03923177950819834,False,0.08245877061469266
forecast_at_retention_config,f1_score,Uniform Random (RR=0.5),Hard Example Mining (RR=0.5),mlp_prevyears_monthly_features_incremental_scaler_experience_replay_RR_0.5,mlp_prevyears_monthly_features_incremental_scaler_experience_replay_hard_example_mining_RR_0.5,0.013456427639893076,0.004852779584584593,2.8300340050358663,-0.0002771036034251474,0.0271899588832113,False,0.05997001499250375
forecast_at_retention_config,f1_score,Uniform Random (RR=0.5),Misclassification Buffer (RR=0.5),mlp_prevyears_monthly_features_incremental_scaler_experience_replay_RR_0.5,mlp_prevyears_monthly_features_incremental_scaler_missclassification_buffer_RR_0.5,0.013428663172930788,0.007382971705814985,2.8300340050358663,-0.007465397812743274,0.03432272415860485,False,0.4657671164417791
forecast_at_retention_config,f1_score,Uniform Random (RR=0.5),"Combined (RR=0.5, CC/UP/PR=.2/.2/.1)",mlp_prevyears_monthly_features_incremental_scaler_experience_replay_RR_0.5,"mlp_combined_HE=0_CC=0.2_UP=0.2_PR=(0.1,10)_RR=0.5",0.009290763412270309,0.006096704043979106,2.8300340050358663,-0.007963116350830243,0.02654464317537086,False,0.6696651674162919
forecast_at_retention_config,f1_score,"PR Stratification (RR=0.4, PR=0.15)",Confidently Correct (RR=0.2),mlp_prevyears_monthly_features_incremental_scaler_experience_replay_RR_0.4_PR_0.15,mlp_prevyears_monthly_features_incremental_scaler_experience_replay_confidently_correct_memory_RR_0.2,0.008958062334445627,0.003834716717892197,2.8300340050358663,-0.0018943163768688192,0.019810441045760074,False,0.17341329335332334
forecast_at_retention_config,f1_score,"PR Stratification (RR=0.4, PR=0.15)",Uncertainty Prioritization (RR=0.4),mlp_prevyears_monthly_features_incremental_scaler_experience_replay_RR_0.4_PR_0.15,mlp_prevyears_monthly_features_incremental_scaler_experience_replay_uncertainity_prioritization_RR_0.4,0.021019072078302947,0.0062859180257261345,2.8300340050358663,0.003229710312630068,0.03880843384397582,True,0.013993003498250875
forecast_at_retention_config,f1_score,"PR Stratification (RR=0.4, PR=0.15)",Hard Example Mining (RR=0.5),mlp_prevyears_monthly_features_incremental_scaler_experience_replay_RR_0.4_PR_0.15,mlp_prevyears_monthly_features_incremental_scaler_experience_replay_hard_example_mining_RR_0.5,0.015593236920864395,0.0032861954580209792,2.8300340050358663,0.00629319202747061,0.024893281814258178,True,0.0009995002498750624
forecast_at_retention_config,f1_score,"PR Stratification (RR=0.4, PR=0.15)",Misclassification Buffer (RR=0.5),mlp_prevyears_monthly_features_incremental_scaler_experience_replay_RR_0.4_PR_0.15,mlp_prevyears_monthly_features_incremental_scaler_missclassification_buffer_RR_0.5,0.015565472453902107,0.005689269908971947,2.8300340050358663,-0.00053535485231581,0.031666299760120024,False,0.06796601699150424
forecast_at_retention_config,f1_score,"PR Stratification (RR=0.4, PR=0.15)","Combined (RR=0.5, CC/UP/PR=.2/.2/.1)",mlp_prevyears_monthly_features_incremental_scaler_experience_replay_RR_0.4_PR_0.15,"mlp_combined_HE=0_CC=0.2_UP=0.2_PR=(0.1,10)_RR=0.5",0.011427572693241628,0.004468265175661615,2.8300340050358663,-0.0012177696973983028,0.024072915083881558,False,0.10194902548725637
forecast_at_retention_config,f1_score,Confidently Correct (RR=0.2),Uncertainty Prioritization (RR=0.4),mlp_prevyears_monthly_features_incremental_scaler_experience_replay_confidently_correct_memory_RR_0.2,mlp_prevyears_monthly_features_incremental_scaler_experience_replay_uncertainity_prioritization_RR_0.4,0.01206100974385732,0.003985643544495394,2.8300340050358663,0.0007815029809836744,0.02334051650673097,True,0.03298350824587706
forecast_at_retention_config,f1_score,Confidently Correct (RR=0.2),Hard Example Mining (RR=0.5),mlp_prevyears_monthly_features_incremental_scaler_experience_replay_confidently_correct_memory_RR_0.2,mlp_prevyears_monthly_features_incremental_scaler_experience_replay_hard_example_mining_RR_0.5,0.006635174586418768,0.002513287399484725,2.8300340050358663,-0.00047751421855116594,0.013747863391388702,False,0.0814592703648176
forecast_at_retention_config,f1_score,Confidently Correct (RR=0.2),Misclassification Buffer (RR=0.5),mlp_prevyears_monthly_features_incremental_scaler_experience_replay_confidently_correct_memory_RR_0.2,mlp_prevyears_monthly_features_incremental_scaler_missclassification_buffer_RR_0.5,0.0066074101194564805,0.004940779884043978,2.8300340050358663,-0.007375164963785142,0.020589985202698103,False,0.7961019490254873
forecast_at_retention_config,f1_score,Confidently Correct (RR=0.2),"Combined (RR=0.5, CC/UP/PR=.2/.2/.1)",mlp_prevyears_monthly_features_incremental_scaler_experience_replay_confidently_correct_memory_RR_0.2,"mlp_combined_HE=0_CC=0.2_UP=0.2_PR=(0.1,10)_RR=0.5",0.002469510358796001,0.003253064451476927,2.8300340050358663,-0.00673677265945705,0.011675793377049052,False,0.9785107446276862
forecast_at_retention_config,f1_score,Uncertainty Prioritization (RR=0.4),Hard Example Mining (RR=0.5),mlp_prevyears_monthly_features_incremental_scaler_experience_replay_uncertainity_prioritization_RR_0.4,mlp_prevyears_monthly_features_incremental_scaler_experience_replay_hard_example_mining_RR_0.5,-0.005425835157438552,0.005463058438924499,2.8300340050358663,-0.02088647631109304,0.010034805996215935,False,0.9380309845077461
forecast_at_retention_config,f1_score,Uncertainty Prioritization (RR=0.4),Misclassification Buffer (RR=0.5),mlp_prevyears_monthly_features_incremental_scaler_experience_replay_uncertainity_prioritization_RR_0.4,mlp_prevyears_monthly_features_incremental_scaler_missclassification_buffer_RR_0.5,-0.00545359962440084,0.003997455366263768,2.8300340050358663,-0.01676653424454041,0.005859334995738727,False,0.776111944027986
forecast_at_retention_config,f1_score,Uncertainty Prioritization (RR=0.4),"Combined (RR=0.5, CC/UP/PR=.2/.2/.1)",mlp_prevyears_monthly_features_incremental_scaler_experience_replay_uncertainity_prioritization_RR_0.4,"mlp_combined_HE=0_CC=0.2_UP=0.2_PR=(0.1,10)_RR=0.5",-0.00959149938506132,0.0035796890656372054,2.8300340050358663,-0.019722141168269678,0.000539142398147039,False,0.0769615192403798
forecast_at_retention_config,f1_score,Hard Example Mining (RR=0.5),Misclassification Buffer (RR=0.5),mlp_prevyears_monthly_features_incremental_scaler_experience_replay_hard_example_mining_RR_0.5,mlp_prevyears_monthly_features_incremental_scaler_missclassification_buffer_RR_0.5,-2.7764466962287848e-05,0.005701757172386287,2.8300340050358663,-0.016163931153272627,0.01610840221934805,False,1.0
forecast_at_retention_config,f1_score,Hard Example Mining (RR=0.5),"Combined (RR=0.5, CC/UP/PR=.2/.2/.1)",mlp_prevyears_monthly_features_incremental_scaler_experience_replay_hard_example_mining_RR_0.5,"mlp_combined_HE=0_CC=0.2_UP=0.2_PR=(0.1,10)_RR=0.5",-0.004165664227622767,0.004065879856038653,2.8300340050358663,-0.015672242480602488,0.007340914025356953,False,0.927536231884058
forecast_at_retention_config,f1_score,Misclassification Buffer (RR=0.5),"Combined (RR=0.5, CC/UP/PR=.2/.2/.1)",mlp_prevyears_monthly_features_incremental_scaler_missclassification_buffer_RR_0.5,"mlp_combined_HE=0_CC=0.2_UP=0.2_PR=(0.1,10)_RR=0.5",-0.0041378997606604795,0.0036816057779152102,2.8300340050358663,-0.014556969305297048,0.0062811697839760885,False,0.8930534732633684
forecast_at_retention_config,pr_auc,Uniform Random (RR=0.5),"PR Stratification (RR=0.4, PR=0.15)",mlp_prevyears_monthly_features_incremental_scaler_experience_replay_RR_0.5,mlp_prevyears_monthly_features_incremental_scaler_experience_replay_RR_0.4_PR_0.15,0.0002586504286027358,0.005346476461687994,2.8964148453243004,-0.015226963365207307,0.015744264222412777,False,1.0
forecast_at_retention_config,pr_auc,Uniform Random (RR=0.5),Confidently Correct (RR=0.2),mlp_prevyears_monthly_features_incremental_scaler_experience_replay_RR_0.5,mlp_prevyears_monthly_features_incremental_scaler_experience_replay_confidently_correct_memory_RR_0.2,0.004206865245774738,0.0036814973137173487,2.8964148453243004,-0.006456278226697724,0.0148700087182472,False,0.8905547226386806
forecast_at_retention_config,pr_auc,Uniform Random (RR=0.5),Uncertainty Prioritization (RR=0.4),mlp_prevyears_monthly_features_incremental_scaler_experience_replay_RR_0.5,mlp_prevyears_monthly_features_incremental_scaler_experience_replay_uncertainity_prioritization_RR_0.4,0.021749074133548207,0.005635145154633007,2.8964148453243004,0.005427356052111865,0.03807079221498455,True,0.0029985007496251873
forecast_at_retention_config,pr_auc,Uniform Random (RR=0.5),Hard Example Mining (RR=0.5),mlp_prevyears_monthly_features_incremental_scaler_experience_replay_RR_0.5,mlp_prevyears_monthly_features_incremental_scaler_experience_replay_hard_example_mining_RR_0.5,0.020248917417138135,0.005425296324431802,2.8964148453243004,0.0045350086027705,0.03596282623150577,True,0.0034982508745627187
forecast_at_retention_config,pr_auc,Uniform Random (RR=0.5),Misclassification Buffer (RR=0.5),mlp_prevyears_monthly_features_incremental_scaler_experience_replay_RR_0.5,mlp_prevyears_monthly_features_incremental_scaler_missclassification_buffer_RR_0.5,0.010715488537916373,0.007487147529645085,2.8964148453243004,-0.010970396716080813,0.03240137379191356,False,0.7461269365317341
forecast_at_retention_config,pr_auc,Uniform Random (RR=0.5),"Combined (RR=0.5, CC/UP/PR=.2/.2/.1)",mlp_prevyears_monthly_features_incremental_scaler_experience_replay_RR_0.5,"mlp_combined_HE=0_CC=0.2_UP=0.2_PR=(0.1,10)_RR=0.5",0.011807288499627033,0.00697166564967911,2.8964148453243004,-0.008385547384741024,0.03200012438399509,False,0.5572213893053474
forecast_at_retention_config,pr_auc,"PR Stratification (RR=0.4, PR=0.15)",Confidently Correct (RR=0.2),mlp_prevyears_monthly_features_incremental_scaler_experience_replay_RR_0.4_PR_0.15,mlp_prevyears_monthly_features_incremental_scaler_experience_replay_confidently_correct_memory_RR_0.2,0.003948214817172002,0.0044338996355389815,2.8964148453243004,-0.00889419790988111,0.016790627544225112,False,0.9615192403798101
forecast_at_retention_config,pr_auc,"PR Stratification (RR=0.4, PR=0.15)",Uncertainty Prioritization (RR=0.4),mlp_prevyears_monthly_features_incremental_scaler_experience_replay_RR_0.4_PR_0.15,mlp_prevyears_monthly_features_incremental_scaler_experience_replay_uncertainity_prioritization_RR_0.4,0.02149042370494547,0.005835499620330318,2.8964148453243004,0.004588395974736419,0.038392451435154525,True,0.0034982508745627187
forecast_at_retention_config,pr_auc,"PR Stratification (RR=0.4, PR=0.15)",Hard Example Mining (RR=0.5),mlp_prevyears_monthly_features_incremental_scaler_experience_replay_RR_0.4_PR_0.15,mlp_prevyears_monthly_features_incremental_scaler_experience_replay_hard_example_mining_RR_0.5,0.0199902669885354,0.003705276574765975,2.8964148453243004,0.009258248911350854,0.030722285065719945,True,0.0004997501249375312
forecast_at_retention_config,pr_auc,"PR Stratification (RR=0.4, PR=0.15)",Misclassification Buffer (RR=0.5),mlp_prevyears_monthly_features_incremental_scaler_experience_replay_RR_0.4_PR_0.15,mlp_prevyears_monthly_features_incremental_scaler_missclassification_buffer_RR_0.5,0.010456838109313638,0.004602929796407109,2.8964148453243004,-0.002875156084985472,0.02378883230361275,False,0.21739130434782608
forecast_at_retention_config,pr_auc,"PR Stratification (RR=0.4, PR=0.15)","Combined (RR=0.5, CC/UP/PR=.2/.2/.1)",mlp_prevyears_monthly_features_incremental_scaler_experience_replay_RR_0.4_PR_0.15,"mlp_combined_HE=0_CC=0.2_UP=0.2_PR=(0.1,10)_RR=0.5",0.011548638071024298,0.005578217744645418,2.8964148453243004,-0.00460819461501813,0.027705470757066725,False,0.32983508245877063
forecast_at_retention_config,pr_auc,Confidently Correct (RR=0.2),Uncertainty Prioritization (RR=0.4),mlp_prevyears_monthly_features_incremental_scaler_experience_replay_confidently_correct_memory_RR_0.2,mlp_prevyears_monthly_features_incremental_scaler_experience_replay_uncertainity_prioritization_RR_0.4,0.01754220888777347,0.00392838429756377,2.8964148453243004,0.006163978290170893,0.028920439485376044,True,0.0004997501249375312
forecast_at_retention_config,pr_auc,Confidently Correct (RR=0.2),Hard Example Mining (RR=0.5),mlp_prevyears_monthly_features_incremental_scaler_experience_replay_confidently_correct_memory_RR_0.2,mlp_prevyears_monthly_features_incremental_scaler_experience_replay_hard_example_mining_RR_0.5,0.016042052171363397,0.003608779974488538,2.8964148453243004,0.0055895282797457455,0.02649457606298105,True,0.0004997501249375312
forecast_at_retention_config,pr_auc,Confidently Correct (RR=0.2),Misclassification Buffer (RR=0.5),mlp_prevyears_monthly_features_incremental_scaler_experience_replay_confidently_correct_memory_RR_0.2,mlp_prevyears_monthly_features_incremental_scaler_missclassification_buffer_RR_0.5,0.006508623292141635,0.0056767398405451275,2.8964148453243004,-0.009933570255057173,0.022950816839340443,False,0.8900549725137431
forecast_at_retention_config,pr_auc,Confidently Correct (RR=0.2),"Combined (RR=0.5, CC/UP/PR=.2/.2/.1)",mlp_prevyears_monthly_features_incremental_scaler_experience_replay_confidently_correct_memory_RR_0.2,"mlp_combined_HE=0_CC=0.2_UP=0.2_PR=(0.1,10)_RR=0.5",0.007600423253852295,0.004886798569785085,2.8964148453243004,-0.006553772669782784,0.021754619177487375,False,0.656671664167916
forecast_at_retention_config,pr_auc,Uncertainty Prioritization (RR=0.4),Hard Example Mining (RR=0.5),mlp_prevyears_monthly_features_incremental_scaler_experience_replay_uncertainity_prioritization_RR_0.4,mlp_prevyears_monthly_features_incremental_scaler_experience_replay_hard_example_mining_RR_0.5,-0.0015001567164100726,0.004907524881607964,2.8964148453243004,-0.015714384637297758,0.012714071204477612,False,1.0
forecast_at_retention_config,pr_auc,Uncertainty Prioritization (RR=0.4),Misclassification Buffer (RR=0.5),mlp_prevyears_monthly_features_incremental_scaler_experience_replay_uncertainity_prioritization_RR_0.4,mlp_prevyears_monthly_features_incremental_scaler_missclassification_buffer_RR_0.5,-0.011033585595631834,0.004980250329004379,2.8964148453243004,-0.02545845658199135,0.00339128539072768,False,0.24687656171914044
forecast_at_retention_config,pr_auc,Uncertainty Prioritization (RR=0.4),"Combined (RR=0.5, CC/UP/PR=.2/.2/.1)",mlp_prevyears_monthly_features_incremental_scaler_experience_replay_uncertainity_prioritization_RR_0.4,"mlp_combined_HE=0_CC=0.2_UP=0.2_PR=(0.1,10)_RR=0.5",-0.009941785633921174,0.003776969519932261,2.8964148453243004,-0.02088145622179037,0.0009978849539480222,False,0.09895052473763119
forecast_at_retention_config,pr_auc,Hard Example Mining (RR=0.5),Misclassification Buffer (RR=0.5),mlp_prevyears_monthly_features_incremental_scaler_experience_replay_hard_example_mining_RR_0.5,mlp_prevyears_monthly_features_incremental_scaler_missclassification_buffer_RR_0.5,-0.009533428879221761,0.005082593453926019,2.8964148453243004,-0.024254728011921193,0.00518787025347767,False,0.44227886056971516
forecast_at_retention_config,pr_auc,Hard Example Mining (RR=0.5),"Combined (RR=0.5, CC/UP/PR=.2/.2/.1)",mlp_prevyears_monthly_features_incremental_scaler_experience_replay_hard_example_mining_RR_0.5,"mlp_combined_HE=0_CC=0.2_UP=0.2_PR=(0.1,10)_RR=0.5",-0.008441628917511101,0.005087014346745667,2.8964148453243004,-0.02317573278980295,0.006292474954780747,False,0.5812093953023488
forecast_at_retention_config,pr_auc,Misclassification Buffer (RR=0.5),"Combined (RR=0.5, CC/UP/PR=.2/.2/.1)",mlp_prevyears_monthly_features_incremental_scaler_missclassification_buffer_RR_0.5,"mlp_combined_HE=0_CC=0.2_UP=0.2_PR=(0.1,10)_RR=0.5",0.00109179996171066,0.003917028362504193,2.8964148453243004,-0.01025353913700282,0.01243713906042414,False,1.0
retention_at_forecast_config,f1_score,Uniform Random (RR=0.4),"PR Stratification (RR=0.2, PR=0.10)",mlp_prevyears_monthly_features_incremental_scaler_experience_replay_RR_0.4,mlp_prevyears_monthly_features_incremental_scaler_experience_replay_RR_0.2_PR_0.10,-0.004070640796203007,0.0030784251301542356,2.913163992064191,-0.013038598037633848,0.004897316445227834,False,0.8220889555222389
retention_at_forecast_config,f1_score,Uniform Random (RR=0.4),Confidently Correct (RR=0.4),mlp_prevyears_monthly_features_incremental_scaler_experience_replay_RR_0.4,mlp_prevyears_monthly_features_incremental_scaler_experience_replay_confidently_correct_memory_RR_0.4,-0.002221899158016183,0.0034999590412100844,2.913163992064191,-0.012417853810568912,0.007974055494536546,False,0.9970014992503748
retention_at_forecast_config,f1_score,Uniform Random (RR=0.4),Uncertainty Prioritization (RR=0.5),mlp_prevyears_monthly_features_incremental_scaler_experience_replay_RR_0.4,mlp_prevyears_monthly_features_incremental_scaler_experience_replay_uncertainity_prioritization_RR_0.5,-0.01251437918567988,0.002522837391961167,2.913163992064191,-0.019863818233774286,-0.005164940137585474,True,0.0004997501249375312
retention_at_forecast_config,f1_score,Uniform Random (RR=0.4),Hard Example Mining (RR=0.4),mlp_prevyears_monthly_features_incremental_scaler_experience_replay_RR_0.4,mlp_prevyears_monthly_features_incremental_scaler_experience_replay_hard_example_mining_RR_0.4,0.04677653297357681,0.004917403642456537,2.913163992064191,0.03245132974792713,0.06110173619922649,True,0.0004997501249375312
retention_at_forecast_config,f1_score,Uniform Random (RR=0.4),Misclassification Buffer (RR=0.4),mlp_prevyears_monthly_features_incremental_scaler_experience_replay_RR_0.4,mlp_prevyears_monthly_features_incremental_scaler_missclassification_buffer_RR_0.4,0.053056740186784135,0.0047098476785997654,2.913163992064191,0.03933618152138018,0.0667772988521881,True,0.0004997501249375312
retention_at_forecast_config,f1_score,Uniform Random (RR=0.4),"Combined (RR=0.5, HE/CC/UP/PR=.1/.1/.1/.2)",mlp_prevyears_monthly_features_incremental_scaler_experience_replay_RR_0.4,"mlp_combined_HE=0.1_CC=0.1_UP=0.1_PR=(0.2,10)_RR=0.5",0.02622235491925895,0.005255247863114087,2.913163992064191,0.010912956075062706,0.04153175376345519,True,0.0004997501249375312
retention_at_forecast_config,f1_score,"PR Stratification (RR=0.2, PR=0.10)",Confidently Correct (RR=0.4),mlp_prevyears_monthly_features_incremental_scaler_experience_replay_RR_0.2_PR_0.10,mlp_prevyears_monthly_features_incremental_scaler_experience_replay_confidently_correct_memory_RR_0.4,0.0018487416381868238,0.002717573359673186,2.913163992064191,-0.006067995219006011,0.009765478495379658,False,0.993503248375812
retention_at_forecast_config,f1_score,"PR Stratification (RR=0.2, PR=0.10)",Uncertainty Prioritization (RR=0.5),mlp_prevyears_monthly_features_incremental_scaler_experience_replay_RR_0.2_PR_0.10,mlp_prevyears_monthly_features_incremental_scaler_experience_replay_uncertainity_prioritization_RR_0.5,-0.008443738389476874,0.0026219618333221525,2.913163992064191,-0.01608194319087758,-0.0008055335880761665,True,0.02148925537231384
retention_at_forecast_config,f1_score,"PR Stratification (RR=0.2, PR=0.10)",Hard Example Mining (RR=0.4),mlp_prevyears_monthly_features_incremental_scaler_experience_replay_RR_0.2_PR_0.10,mlp_prevyears_monthly_features_incremental_scaler_experience_replay_hard_example_mining_RR_0.4,0.05084717376977982,0.005802294925261725,2.913163992064191,0.03394413712217058,0.06775021041738906,True,0.0004997501249375312
retention_at_forecast_config,f1_score,"PR Stratification (RR=0.2, PR=0.10)",Misclassification Buffer (RR=0.4),mlp_prevyears_monthly_features_incremental_scaler_experience_replay_RR_0.2_PR_0.10,mlp_prevyears_monthly_features_incremental_scaler_missclassification_buffer_RR_0.4,0.05712738098298714,0.005064346293592439,2.913163992064191,0.0423741097171499,0.07188065224882438,True,0.0004997501249375312
retention_at_forecast_config,f1_score,"PR Stratification (RR=0.2, PR=0.10)","Combined (RR=0.5, HE/CC/UP/PR=.1/.1/.1/.2)",mlp_prevyears_monthly_features_incremental_scaler_experience_replay_RR_0.2_PR_0.10,"mlp_combined_HE=0.1_CC=0.1_UP=0.1_PR=(0.2,10)_RR=0.5",0.030292995715461957,0.005713615609438529,2.913163992064191,0.013648296457549735,0.046937694973374175,True,0.0004997501249375312
retention_at_forecast_config,f1_score,Confidently Correct (RR=0.4),Uncertainty Prioritization (RR=0.5),mlp_prevyears_monthly_features_incremental_scaler_experience_replay_confidently_correct_memory_RR_0.4,mlp_prevyears_monthly_features_incremental_scaler_experience_replay_uncertainity_prioritization_RR_0.5,-0.010292480027663697,0.0033300175476468777,2.913163992064191,-0.01999336724041048,-0.0005915928149169119,True,0.030484757621189407
retention_at_forecast_config,f1_score,Confidently Correct (RR=0.4),Hard Example Mining (RR=0.4),mlp_prevyears_monthly_features_incremental_scaler_experience_replay_confidently_correct_memory_RR_0.4,mlp_prevyears_monthly_features_incremental_scaler_experience_replay_hard_example_mining_RR_0.4,0.048998432131592995,0.005790905259694016,2.913163992064191,0.03212857544759726,0.06586828881558873,True,0.0004997501249375312
retention_at_forecast_config,f1_score,Confidently Correct (RR=0.4),Misclassification Buffer (RR=0.4),mlp_prevyears_monthly_features_incremental_scaler_experience_replay_confidently_correct_memory_RR_0.4,mlp_prevyears_monthly_features_incremental_scaler_missclassification_buffer_RR_0.4,0.05527863934480032,0.0050779173402337174,2.913163992064191,0.040485833394553083,0.07007144529504755,True,0.0004997501249375312
retention_at_forecast_config,f1_score,Confidently Correct (RR=0.4),"Combined (RR=0.5, HE/CC/UP/PR=.1/.1/.1/.2)",mlp_prevyears_monthly_features_incremental_scaler_experience_replay_confidently_correct_memory_RR_0.4,"mlp_combined_HE=0.1_CC=0.1_UP=0.1_PR=(0.2,10)_RR=0.5",0.028444254077275133,0.0055808792629354715,2.913163992064191,0.012186237564433773,0.04470227059011649,True,0.0004997501249375312
retention_at_forecast_config,f1_score,Uncertainty Prioritization (RR=0.5),Hard Example Mining (RR=0.4),mlp_prevyears_monthly_features_incremental_scaler_experience_replay_uncertainity_prioritization_RR_0.5,mlp_prevyears_monthly_features_incremental_scaler_experience_replay_hard_example_mining_RR_0.4,0.05929091215925669,0.00526411592919673,2.913163992064191,0.04395567918426925,0.07462614513424413,True,0.0004997501249375312
retention_at_forecast_config,f1_score,Uncertainty Prioritization (RR=0.5),Misclassification Buffer (RR=0.4),mlp_prevyears_monthly_features_incremental_scaler_experience_replay_uncertainity_prioritization_RR_0.5,mlp_prevyears_monthly_features_incremental_scaler_missclassification_buffer_RR_0.4,0.06557111937246402,0.004948062888945312,2.913163992064191,0.051156600733919415,0.07998563801100861,True,0.0004997501249375312
retention_at_forecast_config,f1_score,Uncertainty Prioritization (RR=0.5),"Combined (RR=0.5, HE/CC/UP/PR=.1/.1/.1/.2)",mlp_prevyears_monthly_features_incremental_scaler_experience_replay_uncertainity_prioritization_RR_0.5,"mlp_combined_HE=0.1_CC=0.1_UP=0.1_PR=(0.2,10)_RR=0.5",0.03873673410493883,0.004822948554204737,2.913163992064191,0.02468669404125154,0.05278677416862612,True,0.0004997501249375312
retention_at_forecast_config,f1_score,Hard Example Mining (RR=0.4),Misclassification Buffer (RR=0.4),mlp_prevyears_monthly_features_incremental_scaler_experience_replay_hard_example_mining_RR_0.4,mlp_prevyears_monthly_features_incremental_scaler_missclassification_buffer_RR_0.4,0.006280207213207323,0.004742438054919011,2.913163992064191,-0.007535292562977681,0.020095706989392326,False,0.8205897051474262
retention_at_forecast_config,f1_score,Hard Example Mining (RR=0.4),"Combined (RR=0.5, HE/CC/UP/PR=.1/.1/.1/.2)",mlp_prevyears_monthly_features_incremental_scaler_experience_replay_hard_example_mining_RR_0.4,"mlp_combined_HE=0.1_CC=0.1_UP=0.1_PR=(0.2,10)_RR=0.5",-0.020554178054317862,0.0048766341621402,2.913163992064191,-0.03476061309793482,-0.006347743010700905,True,0.0014992503748125937
retention_at_forecast_config,f1_score,Misclassification Buffer (RR=0.4),"Combined (RR=0.5, HE/CC/UP/PR=.1/.1/.1/.2)",mlp_prevyears_monthly_features_incremental_scaler_missclassification_buffer_RR_0.4,"mlp_combined_HE=0.1_CC=0.1_UP=0.1_PR=(0.2,10)_RR=0.5",-0.026834385267525185,0.005529940074563501,2.913163992064191,-0.042944007571016345,-0.010724762964034025,True,0.0004997501249375312
retention_at_forecast_config,pr_auc,Uniform Random (RR=0.4),"PR Stratification (RR=0.2, PR=0.10)",mlp_prevyears_monthly_features_incremental_scaler_experience_replay_RR_0.4,mlp_prevyears_monthly_features_incremental_scaler_experience_replay_RR_0.2_PR_0.10,-0.0006102649245124936,0.0030072841215118907,2.920854959009235,-0.00939410566398023,0.008173575814955243,False,1.0
retention_at_forecast_config,pr_auc,Uniform Random (RR=0.4),Confidently Correct (RR=0.4),mlp_prevyears_monthly_features_incremental_scaler_experience_replay_RR_0.4,mlp_prevyears_monthly_features_incremental_scaler_experience_replay_confidently_correct_memory_RR_0.4,-0.002176779895634473,0.0031873046616638936,2.920854959009235,-0.011486434522528708,0.007132874731259762,False,0.9920039980009995
retention_at_forecast_config,pr_auc,Uniform Random (RR=0.4),Uncertainty Prioritization (RR=0.5),mlp_prevyears_monthly_features_incremental_scaler_experience_replay_RR_0.4,mlp_prevyears_monthly_features_incremental_scaler_experience_replay_uncertainity_prioritization_RR_0.5,-0.007676916046746085,0.003012054124875131,2.920854959009235,-0.016474689274191833,0.001120857180699663,False,0.12043978010994502
retention_at_forecast_config,pr_auc,Uniform Random (RR=0.4),Hard Example Mining (RR=0.4),mlp_prevyears_monthly_features_incremental_scaler_experience_replay_RR_0.4,mlp_prevyears_monthly_features_incremental_scaler_experience_replay_hard_example_mining_RR_0.4,0.057388558534186174,0.005567390140847535,2.920854959009235,0.04112701943255252,0.07365009763581983,True,0.0004997501249375312
retention_at_forecast_config,pr_auc,Uniform Random (RR=0.4),Misclassification Buffer (RR=0.4),mlp_prevyears_monthly_features_incremental_scaler_experience_replay_RR_0.4,mlp_prevyears_monthly_features_incremental_scaler_missclassification_buffer_RR_0.4,0.05160288412366465,0.004157252735062588,2.920854959009235,0.039460151856602385,0.06374561639072691,True,0.0004997501249375312
retention_at_forecast_config,pr_auc,Uniform Random (RR=0.4),"Combined (RR=0.5, HE/CC/UP/PR=.1/.1/.1/.2)",mlp_prevyears_monthly_features_incremental_scaler_experience_replay_RR_0.4,"mlp_combined_HE=0.1_CC=0.1_UP=0.1_PR=(0.2,10)_RR=0.5",0.02609105161828379,0.005261462997490723,2.920854959009235,0.010723081330419418,0.04145902190614816,True,0.0004997501249375312
retention_at_forecast_config,pr_auc,"PR Stratification (RR=0.2, PR=0.10)",Confidently Correct (RR=0.4),mlp_prevyears_monthly_features_incremental_scaler_experience_replay_RR_0.2_PR_0.10,mlp_prevyears_monthly_features_incremental_scaler_experience_replay_confidently_correct_memory_RR_0.4,-0.0015665149711219795,0.0028713756558463176,2.920854959009235,-0.009953386794679091,0.0068203568524351325,False,0.9965017491254373
retention_at_forecast_config,pr_auc,"PR Stratification (RR=0.2, PR=0.10)",Uncertainty Prioritization (RR=0.5),mlp_prevyears_monthly_features_incremental_scaler_experience_replay_RR_0.2_PR_0.10,mlp_prevyears_monthly_features_incremental_scaler_experience_replay_uncertainity_prioritization_RR_0.5,-0.0070666511222335915,0.0029879149513567806,2.920854959009235,-0.01579391732500188,0.0016606150805346977,False,0.1934032983508246
retention_at_forecast_config,pr_auc,"PR Stratification (RR=0.2, PR=0.10)",Hard Example Mining (RR=0.4),mlp_prevyears_monthly_features_incremental_scaler_experience_replay_RR_0.2_PR_0.10,mlp_prevyears_monthly_features_incremental_scaler_experience_replay_hard_example_mining_RR_0.4,0.05799882345869867,0.006698518366316769,2.920854959009235,0.03843342287042789,0.07756422404696944,True,0.0004997501249375312
retention_at_forecast_config,pr_auc,"PR Stratification (RR=0.2, PR=0.10)",Misclassification Buffer (RR=0.4),mlp_prevyears_monthly_features_incremental_scaler_experience_replay_RR_0.2_PR_0.10,mlp_prevyears_monthly_features_incremental_scaler_missclassification_buffer_RR_0.4,0.05221314904817714,0.005307960095336238,2.920854959009235,0.03670936748149116,0.06771693061486313,True,0.0004997501249375312
retention_at_forecast_config,pr_auc,"PR Stratification (RR=0.2, PR=0.10)","Combined (RR=0.5, HE/CC/UP/PR=.1/.1/.1/.2)",mlp_prevyears_monthly_features_incremental_scaler_experience_replay_RR_0.2_PR_0.10,"mlp_combined_HE=0.1_CC=0.1_UP=0.1_PR=(0.2,10)_RR=0.5",0.026701316542796283,0.005801139219881703,2.920854959009235,0.009757030284501846,0.04364560280109072,True,0.0009995002498750624
retention_at_forecast_config,pr_auc,Confidently Correct (RR=0.4),Uncertainty Prioritization (RR=0.5),mlp_prevyears_monthly_features_incremental_scaler_experience_replay_confidently_correct_memory_RR_0.4,mlp_prevyears_monthly_features_incremental_scaler_experience_replay_uncertainity_prioritization_RR_0.5,-0.005500136151111612,0.003707393609993058,2.920854959009235,-0.016328895161858988,0.005328622859635762,False,0.7286356821589205
retention_at_forecast_config,pr_auc,Confidently Correct (RR=0.4),Hard Example Mining (RR=0.4),mlp_prevyears_monthly_features_incremental_scaler_experience_replay_confidently_correct_memory_RR_0.4,mlp_prevyears_monthly_features_incremental_scaler_experience_replay_hard_example_mining_RR_0.4,0.05956533842982065,0.006500738122652283,2.920854959009235,0.040577625247051344,0.07855305161258995,True,0.0004997501249375312
retention_at_forecast_config,pr_auc,Confidently Correct (RR=0.4),Misclassification Buffer (RR=0.4),mlp_prevyears_monthly_features_incremental_scaler_experience_replay_confidently_correct_memory_RR_0.4,mlp_prevyears_monthly_features_incremental_scaler_missclassification_buffer_RR_0.4,0.05377966401929912,0.005391767227258461,2.920854959009235,0.03803109397573777,0.06952823406286048,True,0.0004997501249375312
retention_at_forecast_config,pr_auc,Confidently Correct (RR=0.4),"Combined (RR=0.5, HE/CC/UP/PR=.1/.1/.1/.2)",mlp_prevyears_monthly_features_incremental_scaler_experience_replay_confidently_correct_memory_RR_0.4,"mlp_combined_HE=0.1_CC=0.1_UP=0.1_PR=(0.2,10)_RR=0.5",0.028267831513918262,0.005746855493099204,2.920854959009235,0.01148210014818999,0.045053562879646535,True,0.0004997501249375312
retention_at_forecast_config,pr_auc,Uncertainty Prioritization (RR=0.5),Hard Example Mining (RR=0.4),mlp_prevyears_monthly_features_incremental_scaler_experience_replay_uncertainity_prioritization_RR_0.5,mlp_prevyears_monthly_features_incremental_scaler_experience_replay_hard_example_mining_RR_0.4,0.06506547458093226,0.0057303518201204185,2.920854959009235,0.04832794805026594,0.08180300111159858,True,0.0004997501249375312
retention_at_forecast_config,pr_auc,Uncertainty Prioritization (RR=0.5),Misclassification Buffer (RR=0.4),mlp_prevyears_monthly_features_incremental_scaler_experience_replay_uncertainity_prioritization_RR_0.5,mlp_prevyears_monthly_features_incremental_scaler_missclassification_buffer_RR_0.4,0.059279800170410735,0.004802497924687326,2.920854959009235,0.0452524002914562,0.07330720004936526,True,0.0004997501249375312
retention_at_forecast_config,pr_auc,Uncertainty Prioritization (RR=0.5),"Combined (RR=0.5, HE/CC/UP/PR=.1/.1/.1/.2)",mlp_prevyears_monthly_features_incremental_scaler_experience_replay_uncertainity_prioritization_RR_0.5,"mlp_combined_HE=0.1_CC=0.1_UP=0.1_PR=(0.2,10)_RR=0.5",0.033767967665029874,0.00484692430650844,2.920854959009235,0.0196108047684223,0.04792513056163745,True,0.0004997501249375312
retention_at_forecast_config,pr_auc,Hard Example Mining (RR=0.4),Misclassification Buffer (RR=0.4),mlp_prevyears_monthly_features_incremental_scaler_experience_replay_hard_example_mining_RR_0.4,mlp_prevyears_monthly_features_incremental_scaler_missclassification_buffer_RR_0.4,-0.005785674410521524,0.004366178294639179,2.920854959009235,-0.018538647934336853,0.006967299113293805,False,0.8200899550224887
retention_at_forecast_config,pr_auc,Hard Example Mining (RR=0.4),"Combined (RR=0.5, HE/CC/UP/PR=.1/.1/.1/.2)",mlp_prevyears_monthly_features_incremental_scaler_experience_replay_hard_example_mining_RR_0.4,"mlp_combined_HE=0.1_CC=0.1_UP=0.1_PR=(0.2,10)_RR=0.5",-0.031297506915902384,0.006093780967623684,2.920854959009235,-0.04909655727430212,-0.01349845655750265,True,0.0004997501249375312
retention_at_forecast_config,pr_auc,Misclassification Buffer (RR=0.4),"Combined (RR=0.5, HE/CC/UP/PR=.1/.1/.1/.2)",mlp_prevyears_monthly_features_incremental_scaler_missclassification_buffer_RR_0.4,"mlp_combined_HE=0.1_CC=0.1_UP=0.1_PR=(0.2,10)_RR=0.5",-0.02551183250538086,0.005741880879125541,2.920854959009235,-0.042283033745215,-0.008740631265546719,True,0.0014992503748125937
