year,train_accuracy,train_precision,train_recall,train_f1,val_accuracy,val_precision,val_recall,val_f1,val_roc_auc,val_pr_auc,replay_pool_size,replay_target_size,replay_used_size,misclass_pool_size,misclass_target_size,misclass_used_size,random_used_size,ratio_key,replay_ratio
2017,0.8299513211934944,0.07892820025847389,0.7694123360854784,0.14316970212366012,0.8405872030343807,0.07554556728069217,0.6650493558641459,0.13567884220721316,0.8343822253083991,0.19270041340511138,0,1115105,0,0,0,0,0,RR_0.2,0.2
2018,0.8773683217577553,0.1216363235922379,0.7988898377455167,0.21112712902661226,0.8686951215484472,0.11903821033797653,0.770397470962242,0.20621330607782082,0.9053930897909266,0.4340807173196343,5575527,1117352,1117352,948111,335205,335205,782147,RR_0.2,0.2
2019,0.9034496387044877,0.1423498712043027,0.7497061344976005,0.23926877013251496,0.9115515345789483,0.13723002862347125,0.7260680635029901,0.23083183444012065,0.904143388842577,0.42179878641613444,11162289,1117340,1117340,1869119,335202,335202,782138,RR_0.2,0.2
2020,0.8944856455540834,0.1258700839103066,0.7845799106499496,0.21693698671621908,0.8962702917801088,0.11132237574118674,0.7347773542809334,0.19335110937155997,0.902988880536709,0.46165734267230535,16748990,1117472,1117472,2761501,335241,335241,782231,RR_0.2,0.2
2021,0.9017385705778463,0.11265479514273882,0.7933021330636627,0.19729257871787897,0.8941111798795042,0.10358230181358775,0.7576629803565117,0.1822488369550694,0.9022223743719184,0.4341767354212915,22336353,1117366,1117366,3610283,335209,335209,782157,RR_0.2,0.2
2022,0.7945822296962366,0.1169346304294998,0.8703541630200128,0.20616975108150318,0.7981085891426574,0.10651473247146767,0.8125442948263643,0.18834032551556815,0.8862857743735253,0.34926085961460407,27923184,1118423,1118423,4555485,335526,335526,782897,RR_0.2,0.2
2017,0.8299513211934944,0.07892820025847389,0.7694123360854784,0.14316970212366012,0.8405872030343807,0.07554556728069217,0.6650493558641459,0.13567884220721316,0.8343822253083991,0.19270041340511138,0,1672658,0,0,0,0,0,RR_0.3,0.3
2018,0.8760670313143821,0.12027668067337376,0.797164467836665,0.20901677736575022,0.8705147702949027,0.11910422107636331,0.7581074841047135,0.20586547318771733,0.9011703587563421,0.43112016174499546,5575527,1676028,1676028,948111,502808,502808,1173220,RR_0.3,0.3
2019,0.8612039556081487,0.10788452497818177,0.8052003146349439,0.190275097533061,0.8672624206286167,0.09945177128514499,0.777352321128942,0.17634284766175903,0.9036667242941551,0.4270767998562723,11162289,1676010,1676010,1692881,502803,502803,1173207,RR_0.3,0.3
2020,0.8906281907941188,0.12004898000782362,0.7695441225921122,0.20769717462556528,0.8916610437143258,0.1073452816040317,0.7385888258808218,0.18744728413776018,0.9018135431628129,0.45226217848259354,16748990,1676208,1676208,3154746,502862,502862,1173346,RR_0.3,0.3
2021,0.9042868846399685,0.1145437433463107,0.7856823687119305,0.19993865627314417,0.8993865107869822,0.10857808891559462,0.7573599959602081,0.1899274380437398,0.9072318619719746,0.4359583711126954,22336353,1676049,1676049,3319342,502814,502814,1173235,RR_0.3,0.3
2022,0.8044035567216417,0.12087254457092877,0.8579263667658557,0.21189182334470322,0.8049489429079951,0.10682834530929962,0.7833505969579676,0.18801623830132452,0.8788051575340339,0.34224214537716025,27923184,1677634,1677634,4734698,503290,503290,1174344,RR_0.3,0.3
2017,0.8299513211934944,0.07892820025847389,0.7694123360854784,0.14316970212366012,0.8405872030343807,0.07554556728069217,0.6650493558641459,0.13567884220721316,0.8343822253083991,0.19270041340511138,0,2230210,0,0,0,0,0,RR_0.4,0.4
2018,0.8657139860262528,0.11436706694533247,0.8211192248034995,0.20077044031857366,0.8569224502506145,0.11164644031331909,0.7852449117323198,0.19549703310016714,0.9032800151413545,0.4327692913108543,5575527,2234704,2234704,948111,670411,670411,1564293,RR_0.4,0.4
2019,0.8906510300085865,0.13082097799402198,0.779437369086233,0.2240391625872305,0.895839264396164,0.12080975033855343,0.748440390655251,0.20803884284672144,0.9037596542322961,0.4391370366453321,11162289,2234680,2234680,2233730,670404,670404,1564276,RR_0.4,0.4
2020,0.8695207381371141,0.10501999706743385,0.7982226065235144,0.1856186487727337,0.8763729047621295,0.09533381448587261,0.742911592451427,0.1689829621445601,0.9007364751446845,0.4634304901860758,16748990,2234945,2234945,1992426,670483,670483,1564462,RR_0.4,0.4
2021,0.9215684168717472,0.13222496698645717,0.7464782107664448,0.22465619625301692,0.9140619654775677,0.12324198682858635,0.738978942584457,0.2112526615900971,0.9055985659755803,0.4341079319468455,22336353,2234732,2234732,5575719,670419,670419,1564313,RR_0.4,0.4
2022,0.8090796042142188,0.1232638786722208,0.8554933193301826,0.2154802538035631,0.8088991391605341,0.10862544726787556,0.7811699285831107,0.19072909387374795,0.8800659742963045,0.3422234317283832,27923184,2236846,2236846,2610019,671053,671053,1565793,RR_0.4,0.4
2017,0.8299513211934944,0.07892820025847389,0.7694123360854784,0.14316970212366012,0.8405872030343807,0.07554556728069217,0.6650493558641459,0.13567884220721316,0.8343822253083991,0.19270041340511138,0,2787763,0,0,0,0,0,RR_0.5,0.5
2018,0.8848193282620594,0.12840771565156156,0.796057791177957,0.22114391880851372,0.8768017589413639,0.12506491308939627,0.76133982168863,0.2148384251463395,0.9037758497697359,0.42832417720887817,5575527,2793381,2793381,948111,838014,838014,1955367,RR_0.5,0.5
2019,0.8538881891119643,0.1034640276653004,0.8107241022740329,0.18350879474265938,0.8638665758591456,0.09778302646411509,0.783719829626124,0.17387237332544278,0.9054038101616123,0.43033031669452926,11162289,2793350,2793350,1580345,838005,838005,1955345,RR_0.5,0.5
2020,0.9173898313032463,0.1486369605044858,0.7264639477350242,0.24678158162274538,0.9173433870148335,0.13173615761463364,0.6949428279260017,0.221486452453965,0.9024539181327254,0.45231321097971044,16748990,2793681,2793681,3322203,838104,838104,1955577,RR_0.5,0.5
2021,0.9162645156082223,0.1258874536725726,0.7572846358270031,0.2158868823937595,0.9088070815891108,0.1157755933828818,0.7315558248750189,0.19991306327751443,0.9000602799473427,0.4231772417827545,22336353,2793415,2793415,2305308,838024,838024,1955391,RR_0.5,0.5
2022,0.7634775458878178,0.10412799713911403,0.8834354396405858,0.18629762809253853,0.7624051642509989,0.09309563193040495,0.8284359156081339,0.16738171424165488,0.8791045062898988,0.3407294519210399,27923184,2796058,2796058,6792835,838817,838817,1957241,RR_0.5,0.5
